"Signal_ID","Anchor_Organization_ID","Anchor_Organization","Connected_Organization_ID","Connected_Organization","Relationship_Type","Function_Area","State","Source_Platform","Source_URL","Observed_On","Evidence_Strength","Connected_Master_Status","Verification_Note","Personal_Name_Stored"
"CPS-0001","ORG-0055","GPS Lands (M) Sdn Bhd","ORG-0240","AllTerra (M) Sdn Bhd","Subsidiary / group link","Sales; Business Development; Technical Support; Management","Selangor","Official company page","https://allterra.com.my/about-us","2026-07-19","Strong","In master","Official pages identify AllTerra as a GPS Lands subsidiary and authorised geospatial distributor.","No"
"CPS-0002","ORG-0110","ACE Geomatics Sdn. Bhd.","ORG-0120","Geosurvey Consultant","Public career transition (sample)","Drafting; Survey Computation; Land Survey","Sarawak","LinkedIn public profile","https://my.linkedin.com/in/arina-rizkia-7125a8164","2026-07-19","Moderate","Both in master","One public profile shows a transition between the two organizations; not an employee census.","No"
"CPS-0003","ORG-0024","Map2u Sdn Bhd","","SM GEOSURVEYS SDN BHD","Public career transition (sample)","GIS Analyst → Junior Surveyor","Malaysia","LinkedIn public profile","https://my.linkedin.com/in/amir-haziq-hamdan-1b9366283","2026-07-19","Moderate","Candidate pending active-company verification","One public profile exposes a GIS-to-survey career path; connected firm not promoted to master without current company evidence.","No"
"CPS-0004","","SM GEOSURVEYS SDN BHD","ORG-0063","THS Geoscience Sdn Bhd","Public career transition (sample)","Junior Surveyor → Support / Hydrographic Surveyor","Selangor","LinkedIn public profile","https://my.linkedin.com/in/amir-haziq-hamdan-1b9366283","2026-07-19","Moderate","THS in master; source company pending","One public profile shows progression into hydrographic support; not an employee census.","No"
"CPS-0005","ORG-0024","Map2u Sdn Bhd","ORG-0237","Koridor Utiliti Selangor Sdn Bhd (KUSEL)","Public career transition (sample)","GIS Analysis → Utility Corridor / Spatial Operations","Selangor","LinkedIn public profile","https://my.linkedin.com/in/nur-neesya-mohamad-sahar-2a0432286","2026-07-19","Moderate","Both in master","One public profile links GIS consulting experience to a state utility-corridor organization.","No"
"CPS-0006","ORG-0063","THS Geoscience Sdn Bhd","ORG-0063","THS Geoscience Sdn Bhd","Role-breadth evidence (sample)","Hydrographic Survey; Qinsy Training; Software Support; Client Support","Selangor","LinkedIn public profile","https://my.linkedin.com/in/muhammad-syawal-0b08a8187","2026-07-19","Moderate","In master","Public profiles show technical, training and support pathways beyond field data collection.","No"
"CPS-0007","ORG-0055","GPS Lands (M) Sdn Bhd","ORG-0055","GPS Lands (M) Sdn Bhd","Role-breadth evidence (sample)","Technical Support; Equipment Demonstration; Sales Engineering","Selangor","LinkedIn public profile","https://my.linkedin.com/in/fadhil-rosli","2026-07-19","Moderate","In master","Public professional evidence supports non-field technical and customer-facing geomatics roles.","No"
"CPS-0008","ORG-0055","GPS Lands (M) Sdn Bhd","ORG-0055","GPS Lands (M) Sdn Bhd","Role-breadth evidence (sample)","Business Development; Sales Support; Management","Selangor","LinkedIn public profile","https://my.linkedin.com/in/nini-malini-ab-rahim-33a70333a","2026-07-19","Moderate","In master","Public professional evidence supports commercial and management pathways in the geomatics-equipment ecosystem.","No"
"CPS-0009","ORG-0120","Geosurvey Consultant","ORG-0120","Geosurvey Consultant","Role-breadth evidence (sample)","Project Survey; Land Survey; AutoCAD; Survey Computation","Sarawak","LinkedIn public profile","https://my.linkedin.com/in/sebastian-mathew-baab8a1a0","2026-07-19","Moderate","In master","Sampled public profiles show both field and office-based survey functions.","No"
"CPS-0010","","KL Geotechnics Sdn Bhd","ORG-0055","GPS Lands (M) Sdn Bhd","Public career transition (sample)","Geotechnical / Technical → Sales Support Engineering","Selangor","LinkedIn public profile","https://my.linkedin.com/in/ahmad-hanif-2925b3130","2026-07-19","Moderate","GPS Lands in master; source company pending","Career history surfaces a related geotechnical employer; current geomatics scope requires further verification.","No"
"CPS-0011","","Atlas Geosurvey Sdn Bhd","","Atlas Geosurvey Sdn Bhd","Career-derived organization candidate","Survey; Data Collection; Processing; Equipment","Malaysia","LinkedIn public profile","https://my.linkedin.com/in/farid-amir-5a353027b","2026-07-19","Moderate","Candidate pending active-company verification","Public career evidence surfaces the company, but no sufficiently current official source was found for master promotion.","No"