"Signal_ID","Organization_ID","Organization","Role_Title","Role_Family","Country","City","Work_Mode","Source_Platform","Job_URL","Observed_On","Recency_Status","Malaysia_Relevance","Verification_Note"
"SIG-0001","ORG-0203","Gas Malaysia Distribution Sdn Bhd","Technician, GIS","GIS","Malaysia","Shah Alam","On-site","JobStreet","https://my.jobstreet.com/gis-jobs","2026-07-19","Active/Recent","Malaysia-based opportunity","Listed within the past week; vacancy status can change."
"SIG-0002","ORG-0204","ITMAX System Berhad","Senior GIS Analyst","GIS","Malaysia","Kuala Lumpur","On-site","JobStreet","https://my.jobstreet.com/gis-jobs","2026-07-19","Expiring","Malaysia-based opportunity","Current result marked expiring; verify before applying."
"SIG-0003","ORG-0205","Aurecon Malaysia","Geospatial Analyst","GIS / Remote Sensing","Malaysia","Petaling Jaya","Hybrid/Unspecified","LinkedIn","https://www.linkedin.com/jobs/view/geospatial-analyst-at-aurecon-4299070800?_l=en","2026-07-19","Active/Recent","Malaysia-based opportunity","Current role; check the direct listing for latest status."
"SIG-0004","ORG-0206","Easytech Services Sdn Bhd","GIS Data Annotator","GIS","Malaysia","Kuala Lumpur","On-site","JobStreet","https://my.jobstreet.com/gis-jobs","2026-07-19","Active/Recent","Malaysia-based opportunity","Current search result using ArcGIS/QGIS and POI data."
"SIG-0005","ORG-0207","ACGT Sdn Bhd","Senior Executive – Geospatial & UAV","GIS / UAV","Malaysia","Kuala Lumpur","On-site","JobStreet","https://my.jobstreet.com/geospatial-jobs/in-Malaysia","2026-07-19","Active/Recent","Malaysia-based opportunity","Current precision-agriculture geospatial/UAV role."
"SIG-0006","ORG-0207","ACGT Sdn Bhd","Assistant Manager / Manager – Geospatial and UAV","GIS / UAV","Malaysia","Kuala Lumpur","On-site","JobStreet","https://my.jobstreet.com/geospatial-jobs/in-Malaysia","2026-07-19","Active/Recent","Malaysia-based opportunity","Current management-level geospatial/UAV role."
"SIG-0007","ORG-0208","Applied Agricultural Resources Sdn Bhd","Geospatial Engineer (Graduate Research Assistant)","GIS / Remote Sensing","Malaysia","Petaling Jaya","On-site","JobStreet","https://my.jobstreet.com/geospatial-jobs/in-Malaysia","2026-07-19","Active/Recent","Malaysia-based opportunity","Current graduate research role; Kota Damansara."
"SIG-0008","ORG-0209","Mogul Pte Ltd","Business Development Lead (GIS)","GIS","Malaysia","Kuala Lumpur","Remote","JobStreet","https://my.jobstreet.com/geospatial-jobs/in-Malaysia","2026-07-19","Active/Recent","Malaysia-based remote opportunity; employer is Singapore-based","Current remote-from-Kuala-Lumpur listing."
"SIG-0009","ORG-0004","Esri Malaysia Sdn Bhd","Industry Solutions Consultant (Geospatial Pre-Sales)","GIS","Malaysia","Petaling Jaya","Unspecified","JobStreet","https://my.jobstreet.com/Esri-jobs/in-Malaysia","2026-07-19","Active/Recent","Malaysia-based opportunity","Current Esri-related vacancy search result."
"SIG-0010","ORG-0210","Binaan Desjaya Sdn Bhd","Land Surveyor","Land Survey","Malaysia","Ranau","On-site","JobStreet","https://my.jobstreet.com/geospatial-jobs/in-Malaysia","2026-07-19","Active/Recent","Malaysia-based opportunity","Current Sabah listing requiring GPS/GIS/CAD."
"SIG-0011","ORG-0211","Infinity RC Builder Sdn Bhd","Assistant Surveyor","Land Survey","Malaysia","Johor Bahru","On-site","JobStreet","https://my.jobstreet.com/geospatial-jobs/in-Malaysia","2026-07-19","Active/Recent","Malaysia-based opportunity","Current Johor Bahru listing."
"SIG-0012","ORG-0212","NRI Holdings Sdn Bhd","Junior Drone Pilot","Drone / Remote Sensing","Malaysia","Kajang","On-site","JobStreet","https://my.jobstreet.com/geospatial-jobs/in-Malaysia","2026-07-19","Active/Recent","Malaysia-based opportunity","Current Kajang/Bangi/Serdang-area listing."
"SIG-0013","ORG-0213","MOSAR Consult Sdn Bhd","GIS Executive","GIS","Malaysia","Shah Alam","On-site","JobStreet","https://my.jobstreet.com/Esri-jobs/in-Malaysia","2026-07-19","Active/Recent","Malaysia-based opportunity","Current Shah Alam listing."
"SIG-0014","ORG-0214","MGB Berhad","Site Surveyor","Land Survey","Malaysia","Cameron Highlands","On-site","JobStreet","https://my.jobstreet.com/geospatial-jobs/in-Malaysia","2026-07-19","Active/Recent","Malaysia-based opportunity","Current site-surveyor listing."
"SIG-0015","ORG-0215","Jurukur Murni","Assistant Land Surveyor","Land Survey","Malaysia","Kuala Lumpur","On-site","JobStreet","https://my.jobstreet.com/geospatial-jobs/in-Malaysia","2026-07-19","Active/Recent","Malaysia-based opportunity","Current Bukit Jalil listing."
"SIG-0016","ORG-0216","Geoland TYY Sdn Bhd","Land Surveyor","Land Survey","Malaysia","Kuala Lumpur","On-site","JobStreet","https://my.jobstreet.com/geospatial-jobs/in-Malaysia","2026-07-19","Active/Recent","Malaysia-based opportunity","Current Kuala Lumpur listing."
"SIG-0017","ORG-0217","HTX Singapore","Lead Engineer / Engineer, Geospatial Development","GIS / Software","Singapore","Singapore","On-site/Unspecified","LinkedIn","https://my.linkedin.com/jobs/gis-jobs-nusa-jaya","2026-07-19","Active/Recent","Singapore regional opportunity; work-pass/nationality not verified","Listed about one week ago."
"SIG-0018","ORG-0218","Land Transport Authority Singapore","Assistant Manager, Land (GIS Analyst / Spatial Data Specialist)","GIS / Land","Singapore","Singapore","On-site/Unspecified","LinkedIn","https://my.linkedin.com/jobs/gis-jobs-nusa-jaya","2026-07-19","Recent/Unconfirmed","Singapore regional opportunity; work-pass/nationality not verified","Listing observed in current search; posted about two months ago."
"SIG-0019","ORG-0219","Activate Interactive Pte Ltd","Senior Software Engineer – GIS (Esri ArcGIS)","GIS / Software","Singapore","Singapore","On-site/Unspecified","LinkedIn","https://my.linkedin.com/jobs/gis-jobs-nusa-jaya","2026-07-19","Active/Recent","Singapore regional opportunity; work-pass/nationality not verified","Listed about two weeks ago."
"SIG-0020","ORG-0220","Tata Consultancy Services Singapore","GIS Developer","GIS / Software","Singapore","Singapore","On-site/Unspecified","LinkedIn","https://my.linkedin.com/jobs/gis-jobs-nusa-jaya","2026-07-19","Active/Recent","Singapore regional opportunity; work-pass/nationality not verified","Listed about one week ago."
"SIG-0021","ORG-0221","Urban Redevelopment Authority Singapore","Systems Analyst (Geospatial Engineer)","GIS / Software","Singapore","Singapore","Contract","LinkedIn","https://my.linkedin.com/jobs/gis-jobs-nusa-jaya","2026-07-19","Active/Recent","Singapore regional opportunity; work-pass/nationality not verified","One-year contract listed about one week ago."
"SIG-0022","ORG-0222","National University of Singapore","Research Assistant (Land Use Optimization)","GIS / Research","Singapore","Singapore","Unspecified","LinkedIn","https://my.linkedin.com/jobs/gis-jobs-nusa-jaya","2026-07-19","Active/Recent","Singapore regional opportunity; work-pass/nationality not verified","Current research hiring signal."
"SIG-0023","ORG-0223","MINDEF Singapore","Senior Executive (3D Model & Production)","3D Geospatial","Singapore","Singapore","On-site/Unspecified","LinkedIn","https://my.linkedin.com/jobs/gis-jobs-nusa-jaya","2026-07-19","Active/Recent","Singapore regional opportunity; work-pass/nationality not verified","Current geospatial/3D production hiring signal."
"SIG-0024","ORG-0224","Absolute Clean Energy Public Company Limited","GIS Analyst","GIS","Thailand","Bangkok","On-site","JobsDB","https://th.jobsdb.com/gis-jobs","2026-07-19","Active/Recent","SEA regional opportunity; Malaysian employment/work-pass not verified","Listed about two days ago."
"SIG-0025","ORG-0225","Trigyn Technologies","Geospatial Developer","GIS / Software","Thailand","Bangkok","Remote","JobsDB","https://th.jobsdb.com/gis-jobs","2026-07-19","Active/Recent","SEA regional opportunity; Malaysian employment/work-pass not verified","Remote contract listing observed about two days ago."
"SIG-0026","ORG-0226","AV EVOLUTION CO., LTD.","Senior GIS & Remote Sensing Engineer","GIS / Remote Sensing","Thailand","Bangkok","Remote","JobsDB","https://th.jobsdb.com/gis-jobs","2026-07-19","Expiring","SEA regional opportunity; Malaysian employment/work-pass not verified","Listing marked expiring; Thai proficiency required."
"SIG-0027","ORG-0227","ACCIONA Energía Thailand","Senior GIS","GIS","Thailand","Bangkok","Unspecified","LinkedIn","https://th.linkedin.com/jobs/gis-jobs","2026-07-19","Active/Recent","SEA regional opportunity; Malaysian employment/work-pass not verified","Listed about one week ago."
"SIG-0028","ORG-0228","YO IT Consulting","Geospatial Analysis Specialist","GIS","Thailand","","Remote","LinkedIn","https://th.linkedin.com/jobs/gis-jobs","2026-07-19","Active/Recent","SEA regional opportunity; Malaysian employment/work-pass not verified","Listed about one week ago."
"SIG-0029","ORG-0229","China Railway Construction (Southeast Asia) Co., Ltd.","Survey Engineer","Land Survey","Thailand","Rayong","On-site","JobsDB","https://th.jobsdb.com/gis-jobs","2026-07-19","Expiring","SEA regional opportunity; Malaysian employment/work-pass not verified","Recent role marked expiring; English communication requested."
"SIG-0030","ORG-0230","Sinar Mas Group","Geospatial Datascience Officer","GIS / Remote Sensing / GeoAI","Indonesia","Jakarta","On-site","Glassdoor","https://www.glassdoor.com/Job/indonesia-gis-jobs-SRCH_IL.0%2C9_IN113_KO10%2C13.htm","2026-07-19","Recent/Unconfirmed","SEA regional opportunity; Malaysian employment/work-pass not verified","Current search result; listed 30+ days."
"SIG-0031","ORG-0231","PT Palma Serasih Tbk","GIS Precision Staff","GIS / Remote Sensing","Indonesia","South Jakarta","On-site","JobStreet Indonesia","https://id.jobstreet.com/id/geospatial-jobs","2026-07-19","Active/Recent","SEA regional opportunity; Malaysian employment/work-pass not verified","Current listing for plantation spatial-data verification and mapping."
"SIG-0032","ORG-0232","PT Indo Bumi Nickel","Mine Survey Supervisor","Mine Survey","Indonesia","Wasile","On-site","JobStreet Indonesia","https://id.jobstreet.com/id/geospatial-jobs","2026-07-19","Active/Recent","SEA regional opportunity; Malaysian employment/work-pass not verified","Current urgent mine-survey listing."
"SIG-0033","ORG-0233","SMART Agribusiness and Food","Aerial Photo & Image Processing Officer","UAV / Remote Sensing / GIS","Indonesia","Jakarta","On-site","Indeed Indonesia","https://id.indeed.com/q-gis-job-l-jakarta-lowongan.html","2026-07-19","Active/Recent","SEA regional opportunity; Malaysian employment/work-pass not verified","Current result covers UAV/fixed-wing imagery and land-use analysis."
"SIG-0034","ORG-0234","PT Artha Demo Engineering Consultant","Tenaga Ahli Teknik Geodesi","Geodesy / Land Survey / GIS","Indonesia","Jakarta","On-site","Indeed Indonesia","https://id.indeed.com/q-gis-job-l-jakarta-lowongan.html","2026-07-19","Active/Recent","SEA regional opportunity; Malaysian employment/work-pass not verified","Current result for survey coordination and spatial analysis."
"SIG-0035","ORG-0235","NIAT","GIS Engineer","GIS / Software","Brunei","Bandar Seri Begawan","Unspecified","Facebook public recruitment post","https://www.facebook.com/niat.brunei/posts/job-opening-geographical-information-systems-gis-engineerjoin-our-team-to-design/1498841485097263/","2026-07-19","Recent/Unconfirmed","SEA regional opportunity; Malaysian employment/work-pass not verified","Public recruitment post observed about two months ago; closing status not verified."
"SIG-0036","ORG-0024","Map2u Sdn Bhd","GIS Developer","GIS / Software","Malaysia","Nilai","Unspecified","Official career page","https://www.map2u.com.my/career","","Active/Recent","Malaysia-based opportunity","Current official career page; verify listing details before applying."
"SIG-0037","ORG-0024","Map2u Sdn Bhd","Project Manager","GIS / Project Management","Malaysia","Nilai","Unspecified","Official career page","https://www.map2u.com.my/career","","Active/Recent","Malaysia-based opportunity","Current official career page describes leadership of GIS and IT projects."