"Location_ID","Organization_ID","Organization","Original_Location","Cleaned_Location","Latitude","Longitude","Geo_Accuracy","Coordinate_Source","Review_Note","Recommended_Action"
"LOC-0001","ORG-0001","Department of Survey and Mapping Malaysia (JUPEM)","Kuala Lumpur","Kuala Lumpur, Kuala Lumpur, Malaysia","","","Unavailable","Unavailable","Coordinates intentionally left blank: source provides no verified office coordinate or geocoder evidence.","Geocode the public office address and validate at city/state level."
"LOC-0002","ORG-0002","National Geospatial Centre","Putrajaya","Putrajaya, Putrajaya, Malaysia","","","Unavailable","Unavailable","Coordinates intentionally left blank: source provides no verified office coordinate or geocoder evidence.","Geocode the public office address and validate at city/state level."
"LOC-0003","ORG-0003","Pusat Hidrografi Nasional","Port Klang","Port Klang, Selangor, Malaysia","","","Unavailable","Unavailable","Coordinates intentionally left blank: source provides no verified office coordinate or geocoder evidence.","Geocode the public office address and validate at city/state level."
"LOC-0004","ORG-0004","Esri Malaysia Sdn Bhd","Petaling Jaya","Petaling Jaya, Selangor, Malaysia","","","Unavailable","Unavailable","Coordinates intentionally left blank: source provides no verified office coordinate or geocoder evidence.","Geocode the public office address and validate at city/state level."
"LOC-0005","ORG-0005","Aerodyne Geospatial Sdn Bhd","Cyberjaya","Cyberjaya, Selangor, Malaysia","","","Unavailable","Unavailable","Coordinates intentionally left blank: source provides no verified office coordinate or geocoder evidence.","Geocode the public office address and validate at city/state level."
"LOC-0006","ORG-0006","Terra Drone Technology Malaysia Sdn Bhd","Nilai","Nilai, Negeri Sembilan, Malaysia","","","Unavailable","Unavailable","Coordinates intentionally left blank: source provides no verified office coordinate or geocoder evidence.","Geocode the public office address and validate at city/state level."
"LOC-0007","ORG-0007","Aonic","Subang Jaya","Subang Jaya, Selangor, Malaysia","","","Unavailable","Unavailable","Coordinates intentionally left blank: source provides no verified office coordinate or geocoder evidence.","Geocode the public office address and validate at city/state level."
"LOC-0008","ORG-0008","OGEO Survey Sdn Bhd","Kuala Lumpur","Kuala Lumpur, Kuala Lumpur, Malaysia","","","Unavailable","Unavailable","Coordinates intentionally left blank: source provides no verified office coordinate or geocoder evidence.","Geocode the public office address and validate at city/state level."
"LOC-0009","ORG-0009","Hydro Mappers Sdn Bhd","Klang","Klang, Selangor, Malaysia","","","Unavailable","Unavailable","Coordinates intentionally left blank: source provides no verified office coordinate or geocoder evidence.","Geocode the public office address and validate at city/state level."
"LOC-0010","ORG-0010","GIS Innovation Sdn Bhd","Petaling Jaya","Petaling Jaya, Selangor, Malaysia","","","Unavailable","Unavailable","Coordinates intentionally left blank: source provides no verified office coordinate or geocoder evidence.","Geocode the public office address and validate at city/state level."
"LOC-0011","ORG-0011","NSC Globaltech Sdn Bhd","Shah Alam, Selangor","Shah Alam, Selangor, Malaysia","","","Unavailable","Unavailable","Coordinates intentionally left blank: source provides no verified office coordinate or geocoder evidence.","Geocode the public office address and validate at city/state level."
"LOC-0012","ORG-0012","Artanis Cloud Sdn Bhd","Shah Alam (Bukit Jelutong), Selangor","Shah Alam, Selangor, Malaysia","","","Unavailable","Unavailable","Coordinates intentionally left blank: source provides no verified office coordinate or geocoder evidence.","Geocode the public office address and validate at city/state level."
"LOC-0013","ORG-0013","Tresdata Sdn Bhd","Petaling Jaya (Sunway Nexis), Selangor","Petaling Jaya, Selangor, Malaysia","","","Unavailable","Unavailable","Coordinates intentionally left blank: source provides no verified office coordinate or geocoder evidence.","Geocode the public office address and validate at city/state level."
"LOC-0014","ORG-0014","Strato Solutions Sdn Bhd","Petaling Jaya (Kota Damansara), Selangor","Petaling Jaya, Selangor, Malaysia","","","Unavailable","Unavailable","Coordinates intentionally left blank: source provides no verified office coordinate or geocoder evidence.","Geocode the public office address and validate at city/state level."
"LOC-0015","ORG-0015","Comcentric Solutions Sdn Bhd","Shah Alam / Puchong, Selangor","Shah Alam, Selangor, Malaysia","","","Unavailable","Unavailable","Coordinates intentionally left blank: source provides no verified office coordinate or geocoder evidence.","Geocode the public office address and validate at city/state level."
"LOC-0016","ORG-0016","Inspilogix Sdn Bhd","Putrajaya / Bangi, Selangor","Putrajaya, Putrajaya, Malaysia","","","Unavailable","Unavailable","Coordinates intentionally left blank: source provides no verified office coordinate or geocoder evidence.","Geocode the public office address and validate at city/state level."
"LOC-0017","ORG-0017","Ground Data Solutions R&D Sdn Bhd (GDS)","Petaling Jaya, Selangor","Petaling Jaya, Selangor, Malaysia","","","Unavailable","Unavailable","Coordinates intentionally left blank: source provides no verified office coordinate or geocoder evidence.","Geocode the public office address and validate at city/state level."
"LOC-0018","ORG-0018","MNJ Teras Sdn Bhd","Petaling Jaya, Selangor","Petaling Jaya, Selangor, Malaysia","","","Unavailable","Unavailable","Coordinates intentionally left blank: source provides no verified office coordinate or geocoder evidence.","Geocode the public office address and validate at city/state level."
"LOC-0019","ORG-0019","Dynamic Intellect Sdn Bhd","Kuala Lumpur / Bangi","Kuala Lumpur, Kuala Lumpur, Malaysia","","","Unavailable","Unavailable","Coordinates intentionally left blank: source provides no verified office coordinate or geocoder evidence.","Geocode the public office address and validate at city/state level."
"LOC-0020","ORG-0020","ACiS Technology Sdn Bhd","Alor Gajah, Melaka / Shah Alam, Selangor","Alor Gajah, Melaka, Malaysia","","","Unavailable","Unavailable","Coordinates intentionally left blank: source provides no verified office coordinate or geocoder evidence.","Geocode the public office address and validate at city/state level."
"LOC-0021","ORG-0021","Plisca (M) Sdn Bhd","Ampang (Ukay Perdana), Selangor","Ampang, Selangor, Malaysia","","","Unavailable","Unavailable","Coordinates intentionally left blank: source provides no verified office coordinate or geocoder evidence.","Geocode the public office address and validate at city/state level."
"LOC-0022","ORG-0022","Setia Geosolutions Sdn Bhd","Kuala Lumpur (Wangsa Maju)","Kuala Lumpur, Kuala Lumpur, Malaysia","","","Unavailable","Unavailable","Coordinates intentionally left blank: source provides no verified office coordinate or geocoder evidence.","Geocode the public office address and validate at city/state level."
"LOC-0023","ORG-0023","Antaragrafik Systems Sdn Bhd","Kuala Lumpur (Bangsar)","Kuala Lumpur, Kuala Lumpur, Malaysia","","","Unavailable","Unavailable","Coordinates intentionally left blank: source provides no verified office coordinate or geocoder evidence.","Geocode the public office address and validate at city/state level."
"LOC-0024","ORG-0024","Map2u Sdn Bhd","Nilai, Negeri Sembilan","Nilai, Negeri Sembilan, Malaysia","","","Unavailable","Unavailable","Coordinates intentionally left blank: source provides no verified office coordinate or geocoder evidence.","Geocode the public office address and validate at city/state level."
"LOC-0025","ORG-0025","GeoInfo Services Sdn Bhd","Malaysia","Malaysia","","","Unavailable","Unavailable","Coordinates intentionally left blank: source provides no verified office coordinate or geocoder evidence.","Locate an official public office address before geocoding."
"LOC-0026","ORG-0026","MySpatial Sdn Bhd","Malaysia","Malaysia","","","Unavailable","Unavailable","Coordinates intentionally left blank: source provides no verified office coordinate or geocoder evidence.","Locate an official public office address before geocoding."
"LOC-0027","ORG-0027","Spatialworks Sdn Bhd","Putrajaya","Putrajaya, Putrajaya, Malaysia","","","Unavailable","Unavailable","Coordinates intentionally left blank: source provides no verified office coordinate or geocoder evidence.","Geocode the public office address and validate at city/state level."
"LOC-0028","ORG-0028","Bandwork GPS Solutions Sdn Bhd","Kuala Lumpur (branches: JB, Kota Kinabalu)","Kuala Lumpur, Kuala Lumpur, Malaysia","","","Unavailable","Unavailable","Coordinates intentionally left blank: source provides no verified office coordinate or geocoder evidence.","Geocode the public office address and validate at city/state level."
"LOC-0029","ORG-0029","Spatialist Sdn Bhd","Malaysia","Malaysia","","","Unavailable","Unavailable","Coordinates intentionally left blank: source provides no verified office coordinate or geocoder evidence.","Locate an official public office address before geocoding."
"LOC-0030","ORG-0030","Astasoft Sdn Bhd","Malaysia","Malaysia","","","Unavailable","Unavailable","Coordinates intentionally left blank: source provides no verified office coordinate or geocoder evidence.","Locate an official public office address before geocoding."
"LOC-0031","ORG-0031","Integrated Geospatial and Survey Sdn Bhd (iGeoSurvey)","Malaysia","Malaysia","","","Unavailable","Unavailable","Coordinates intentionally left blank: source provides no verified office coordinate or geocoder evidence.","Locate an official public office address before geocoding."
"LOC-0032","ORG-0032","RS&GIS","Malaysia","Malaysia","","","Unavailable","Unavailable","Coordinates intentionally left blank: source provides no verified office coordinate or geocoder evidence.","Locate an official public office address before geocoding."
"LOC-0033","ORG-0033","NadiTek (Jaringan Nadi Teknologi Sdn Bhd)","Kuala Lumpur","Kuala Lumpur, Kuala Lumpur, Malaysia","","","Unavailable","Unavailable","Coordinates intentionally left blank: source provides no verified office coordinate or geocoder evidence.","Geocode the public office address and validate at city/state level."
"LOC-0034","ORG-0034","AECA Solutions Sdn Bhd","Malaysia","Malaysia","","","Unavailable","Unavailable","Coordinates intentionally left blank: source provides no verified office coordinate or geocoder evidence.","Locate an official public office address before geocoding."
"LOC-0035","ORG-0035","CitySage AI","Malaysia","Malaysia","","","Unavailable","Unavailable","Coordinates intentionally left blank: source provides no verified office coordinate or geocoder evidence.","Locate an official public office address before geocoding."
"LOC-0036","ORG-0036","SmartGIS Solutions","Malaysia","Malaysia","","","Unavailable","Unavailable","Coordinates intentionally left blank: source provides no verified office coordinate or geocoder evidence.","Locate an official public office address before geocoding."
"LOC-0037","ORG-0037","IAC","unspecified","Unavailable","","","Unavailable","Unavailable","Coordinates intentionally left blank: source provides no verified office coordinate or geocoder evidence.","Locate an official public office address before geocoding."
"LOC-0038","ORG-0038","I-MPV System","unspecified","Unavailable","","","Unavailable","Unavailable","Coordinates intentionally left blank: source provides no verified office coordinate or geocoder evidence.","Locate an official public office address before geocoding."
"LOC-0039","ORG-0039","Geoco / ""Geoco Geospatial""","unspecified","Unavailable","","","Unavailable","Unavailable","Coordinates intentionally left blank: source provides no verified office coordinate or geocoder evidence.","Locate an official public office address before geocoding."
"LOC-0040","ORG-0040","AAM Geomatics (""Borneo Branch"")","unspecified","Unavailable","","","Unavailable","Unavailable","Coordinates intentionally left blank: source provides no verified office coordinate or geocoder evidence.","Locate an official public office address before geocoding."
"LOC-0041","ORG-0041","Neptune Hydrographic (""Sarawak"")","unspecified","Unavailable","","","Unavailable","Unavailable","Coordinates intentionally left blank: source provides no verified office coordinate or geocoder evidence.","Locate an official public office address before geocoding."
"LOC-0042","ORG-0042","Malaysian Space Agency (MYSA)","Kuala Lumpur / Banting","Kuala Lumpur, Kuala Lumpur, Malaysia","","","Unavailable","Unavailable","Coordinates intentionally left blank: source provides no verified office coordinate or geocoder evidence.","Geocode the public office address and validate at city/state level."
"LOC-0043","ORG-0043","Department of Irrigation and Drainage Malaysia (DID / JPS)","Kuala Lumpur","Kuala Lumpur, Kuala Lumpur, Malaysia","","","Unavailable","Unavailable","Coordinates intentionally left blank: source provides no verified office coordinate or geocoder evidence.","Geocode the public office address and validate at city/state level."
"LOC-0044","ORG-0044","Department of Mineral and Geoscience Malaysia (JMG)","Putrajaya","Putrajaya, Putrajaya, Malaysia","","","Unavailable","Unavailable","Coordinates intentionally left blank: source provides no verified office coordinate or geocoder evidence.","Geocode the public office address and validate at city/state level."
"LOC-0045","ORG-0045","PLANMalaysia","Putrajaya","Putrajaya, Putrajaya, Malaysia","","","Unavailable","Unavailable","Coordinates intentionally left blank: source provides no verified office coordinate or geocoder evidence.","Geocode the public office address and validate at city/state level."
"LOC-0046","ORG-0046","National Disaster Management Agency (NADMA)","Putrajaya","Putrajaya, Putrajaya, Malaysia","","","Unavailable","Unavailable","Coordinates intentionally left blank: source provides no verified office coordinate or geocoder evidence.","Geocode the public office address and validate at city/state level."
"LOC-0047","ORG-0047","Department of Environment Malaysia (DOE / JAS)","Putrajaya","Putrajaya, Putrajaya, Malaysia","","","Unavailable","Unavailable","Coordinates intentionally left blank: source provides no verified office coordinate or geocoder evidence.","Geocode the public office address and validate at city/state level."
"LOC-0048","ORG-0048","Forestry Department Peninsular Malaysia","Kuala Lumpur","Kuala Lumpur, Kuala Lumpur, Malaysia","","","Unavailable","Unavailable","Coordinates intentionally left blank: source provides no verified office coordinate or geocoder evidence.","Geocode the public office address and validate at city/state level."
"LOC-0049","ORG-0049","Department of Agriculture Malaysia (DOA)","Putrajaya","Putrajaya, Putrajaya, Malaysia","","","Unavailable","Unavailable","Coordinates intentionally left blank: source provides no verified office coordinate or geocoder evidence.","Geocode the public office address and validate at city/state level."
"LOC-0050","ORG-0050","Malaysian Meteorological Department (METMalaysia)","Petaling Jaya","Petaling Jaya, Selangor, Malaysia","","","Unavailable","Unavailable","Coordinates intentionally left blank: source provides no verified office coordinate or geocoder evidence.","Geocode the public office address and validate at city/state level."
"LOC-0051","ORG-0051","National Water Research Institute of Malaysia (NAHRIM)","Seri Kembangan, Selangor","Seri Kembangan, Selangor, Malaysia","","","Unavailable","Unavailable","Coordinates intentionally left blank: source provides no verified office coordinate or geocoder evidence.","Geocode the public office address and validate at city/state level."
"LOC-0052","ORG-0052","Malaysian Palm Oil Board (MPOB)","Kajang, Selangor","Kajang, Selangor, Malaysia","","","Unavailable","Unavailable","Coordinates intentionally left blank: source provides no verified office coordinate or geocoder evidence.","Geocode the public office address and validate at city/state level."
"LOC-0053","ORG-0053","Land Surveyors Board Malaysia (LJT)","Kuala Lumpur","Kuala Lumpur, Kuala Lumpur, Malaysia","","","Unavailable","Unavailable","Coordinates intentionally left blank: source provides no verified office coordinate or geocoder evidence.","Geocode the public office address and validate at city/state level."
"LOC-0054","ORG-0054","Sky-Shine Corporation (M) Sdn Bhd","Kuala Lumpur","Kuala Lumpur, Kuala Lumpur, Malaysia","","","Unavailable","Unavailable","Coordinates intentionally left blank: source provides no verified office coordinate or geocoder evidence.","Geocode the public office address and validate at city/state level."
"LOC-0055","ORG-0055","GPS Lands (M) Sdn Bhd","Putra Heights","Subang Jaya, Selangor, Malaysia","","","Unavailable","Unavailable","Official headquarters address verified; web-listed DMS was not used without independent coordinate validation.","Cross-check the office coordinate against the address before mapping."
"LOC-0056","ORG-0056","JL Global Invision Sdn Bhd","Johor Bahru, Johor","Johor Bahru, Johor, Malaysia","","","Unavailable","Unavailable","Coordinates intentionally left blank: source provides no verified office coordinate or geocoder evidence.","Geocode the public office address and validate at city/state level."
"LOC-0057","ORG-0057","Geomapping Technology Sdn Bhd","Bandar Baru Bangi, Selangor","Bandar Baru Bangi, Selangor, Malaysia","","","Unavailable","Unavailable","Coordinates intentionally left blank: source provides no verified office coordinate or geocoder evidence.","Geocode the public office address and validate at city/state level."
"LOC-0058","ORG-0058","Layersoft Solution (M) Sdn Bhd","Malaysia","Malaysia","","","Unavailable","Unavailable","Coordinates intentionally left blank: source provides no verified office coordinate or geocoder evidence.","Locate an official public office address before geocoding."
"LOC-0059","ORG-0059","Ezam & Associates","Johor Bahru, Johor","Johor Bahru, Johor, Malaysia","","","Unavailable","Unavailable","Coordinates intentionally left blank: source provides no verified office coordinate or geocoder evidence.","Geocode the public office address and validate at city/state level."
"LOC-0060","ORG-0060","GeoHydroOcean Services","Malaysia","Malaysia","","","Unavailable","Unavailable","Coordinates intentionally left blank: source provides no verified office coordinate or geocoder evidence.","Locate an official public office address before geocoding."
"LOC-0061","ORG-0061","TAC Mapping Sdn Bhd","Shah Alam, Selangor","Shah Alam, Selangor, Malaysia","","","Unavailable","Unavailable","Coordinates intentionally left blank: source provides no verified office coordinate or geocoder evidence.","Geocode the public office address and validate at city/state level."
"LOC-0062","ORG-0062","Integrated GeoPlanning Sdn Bhd","Selangor","Selangor, Selangor, Malaysia","","","Unavailable","Unavailable","Coordinates intentionally left blank: source provides no verified office coordinate or geocoder evidence.","Geocode the public office address and validate at city/state level."
"LOC-0063","ORG-0063","THS Geoscience Sdn Bhd","Kajang, Selangor","Kajang, Selangor, Malaysia","","","Unavailable","Unavailable","Coordinates intentionally left blank: source provides no verified office coordinate or geocoder evidence.","Geocode the public office address and validate at city/state level."
"LOC-0064","ORG-0064","Satlid Solution","Cyberjaya, Selangor","Cyberjaya, Selangor, Malaysia","","","Unavailable","Unavailable","Coordinates intentionally left blank: source provides no verified office coordinate or geocoder evidence.","Geocode the public office address and validate at city/state level."
"LOC-0065","ORG-0065","RedPlanet Solutions","Malaysia","Malaysia","","","Unavailable","Unavailable","Coordinates intentionally left blank: source provides no verified office coordinate or geocoder evidence.","Locate an official public office address before geocoding."
"LOC-0066","ORG-0066","Geotechnica Sdn Bhd","Malaysia","Malaysia","","","Unavailable","Unavailable","Coordinates intentionally left blank: source provides no verified office coordinate or geocoder evidence.","Locate an official public office address before geocoding."
"LOC-0067","ORG-0067","Jurukur Asia","Sandakan","Sandakan, Sabah, Malaysia","","","Unavailable","Unavailable","Coordinates intentionally left blank: source provides no verified office coordinate or geocoder evidence.","Geocode the public office address and validate at city/state level."
"LOC-0068","ORG-0068","Jurukur Bakat","Kota Kinabalu","Kota Kinabalu, Sabah, Malaysia","","","Unavailable","Unavailable","Coordinates intentionally left blank: source provides no verified office coordinate or geocoder evidence.","Geocode the public office address and validate at city/state level."
"LOC-0069","ORG-0069","Jurukur TN Wong Sdn Bhd","Penampang","Penampang, Sabah, Malaysia","","","Unavailable","Unavailable","Coordinates intentionally left blank: source provides no verified office coordinate or geocoder evidence.","Geocode the public office address and validate at city/state level."
"LOC-0070","ORG-0070","Juruukur Anugerah","Tawau","Tawau, Sabah, Malaysia","","","Unavailable","Unavailable","Coordinates intentionally left blank: source provides no verified office coordinate or geocoder evidence.","Geocode the public office address and validate at city/state level."
"LOC-0071","ORG-0071","Jurukur Vitus Tan & Associates","Kota Kinabalu","Kota Kinabalu, Sabah, Malaysia","","","Unavailable","Unavailable","Coordinates intentionally left blank: source provides no verified office coordinate or geocoder evidence.","Geocode the public office address and validate at city/state level."
"LOC-0072","ORG-0072","Jurukur Tempatan Sdn Bhd","Kota Kinabalu","Kota Kinabalu, Sabah, Malaysia","","","Unavailable","Unavailable","Coordinates intentionally left blank: source provides no verified office coordinate or geocoder evidence.","Geocode the public office address and validate at city/state level."
"LOC-0073","ORG-0073","Jurukur AC. Linggian","Kota Kinabalu","Kota Kinabalu, Sabah, Malaysia","","","Unavailable","Unavailable","Coordinates intentionally left blank: source provides no verified office coordinate or geocoder evidence.","Geocode the public office address and validate at city/state level."
"LOC-0074","ORG-0074","Mojigoh Surveying Consultants Sdn Bhd","Penampang","Penampang, Sabah, Malaysia","","","Unavailable","Unavailable","Coordinates intentionally left blank: source provides no verified office coordinate or geocoder evidence.","Geocode the public office address and validate at city/state level."
"LOC-0075","ORG-0075","Jurukur Dhiya Suria","Kota Kinabalu","Kota Kinabalu, Sabah, Malaysia","","","Unavailable","Unavailable","Coordinates intentionally left blank: source provides no verified office coordinate or geocoder evidence.","Geocode the public office address and validate at city/state level."
"LOC-0076","ORG-0076","Juruukur Wahdah","Kota Kinabalu","Kota Kinabalu, Sabah, Malaysia","","","Unavailable","Unavailable","Coordinates intentionally left blank: source provides no verified office coordinate or geocoder evidence.","Geocode the public office address and validate at city/state level."
"LOC-0077","ORG-0077","Jurukur Sinaran","Kota Kinabalu","Kota Kinabalu, Sabah, Malaysia","","","Unavailable","Unavailable","Coordinates intentionally left blank: source provides no verified office coordinate or geocoder evidence.","Geocode the public office address and validate at city/state level."
"LOC-0078","ORG-0078","Jurukur Hermis & Rakan Rakan","Kota Kinabalu","Kota Kinabalu, Sabah, Malaysia","","","Unavailable","Unavailable","Coordinates intentionally left blank: source provides no verified office coordinate or geocoder evidence.","Geocode the public office address and validate at city/state level."
"LOC-0079","ORG-0079","Juruukur Robert Cheng & Associates","Kota Kinabalu","Kota Kinabalu, Sabah, Malaysia","","","Unavailable","Unavailable","Coordinates intentionally left blank: source provides no verified office coordinate or geocoder evidence.","Geocode the public office address and validate at city/state level."
"LOC-0080","ORG-0080","Smart Survey Consultant","Kota Kinabalu","Kota Kinabalu, Sabah, Malaysia","","","Unavailable","Unavailable","Coordinates intentionally left blank: source provides no verified office coordinate or geocoder evidence.","Geocode the public office address and validate at city/state level."
"LOC-0081","ORG-0081","Jurukur Antarabangsa","Kota Kinabalu","Kota Kinabalu, Sabah, Malaysia","","","Unavailable","Unavailable","Coordinates intentionally left blank: source provides no verified office coordinate or geocoder evidence.","Geocode the public office address and validate at city/state level."
"LOC-0082","ORG-0082","Jurukur Sii Sdn Bhd","Kota Kinabalu","Kota Kinabalu, Sabah, Malaysia","","","Unavailable","Unavailable","Coordinates intentionally left blank: source provides no verified office coordinate or geocoder evidence.","Geocode the public office address and validate at city/state level."
"LOC-0083","ORG-0083","Jurukur Dr. Moinin & Associates","Penampang","Penampang, Sabah, Malaysia","","","Unavailable","Unavailable","Coordinates intentionally left blank: source provides no verified office coordinate or geocoder evidence.","Geocode the public office address and validate at city/state level."
"LOC-0084","ORG-0084","Jurukur Lee Surveys and Associate","Kota Kinabalu","Kota Kinabalu, Sabah, Malaysia","","","Unavailable","Unavailable","Coordinates intentionally left blank: source provides no verified office coordinate or geocoder evidence.","Geocode the public office address and validate at city/state level."
"LOC-0085","ORG-0085","Platinum Survey Consultant","Kota Kinabalu","Kota Kinabalu, Sabah, Malaysia","","","Unavailable","Unavailable","Coordinates intentionally left blank: source provides no verified office coordinate or geocoder evidence.","Geocode the public office address and validate at city/state level."
"LOC-0086","ORG-0086","Perunding Ukur Zakaria","Kota Kinabalu","Kota Kinabalu, Sabah, Malaysia","","","Unavailable","Unavailable","Coordinates intentionally left blank: source provides no verified office coordinate or geocoder evidence.","Geocode the public office address and validate at city/state level."
"LOC-0087","ORG-0087","Jurukur Luaran & Associates","Kota Kinabalu","Kota Kinabalu, Sabah, Malaysia","","","Unavailable","Unavailable","Coordinates intentionally left blank: source provides no verified office coordinate or geocoder evidence.","Geocode the public office address and validate at city/state level."
"LOC-0088","ORG-0088","Jurukur Professional","Kota Kinabalu","Kota Kinabalu, Sabah, Malaysia","","","Unavailable","Unavailable","Coordinates intentionally left blank: source provides no verified office coordinate or geocoder evidence.","Geocode the public office address and validate at city/state level."
"LOC-0089","ORG-0089","Jurukur MYA","Kota Kinabalu","Kota Kinabalu, Sabah, Malaysia","","","Unavailable","Unavailable","Coordinates intentionally left blank: source provides no verified office coordinate or geocoder evidence.","Geocode the public office address and validate at city/state level."
"LOC-0090","ORG-0090","Jurukur Terrafirma PLT","Kota Kinabalu","Kota Kinabalu, Sabah, Malaysia","","","Unavailable","Unavailable","Coordinates intentionally left blank: source provides no verified office coordinate or geocoder evidence.","Geocode the public office address and validate at city/state level."
"LOC-0091","ORG-0091","Perunding Ukur Sabah","Kota Kinabalu","Kota Kinabalu, Sabah, Malaysia","","","Unavailable","Unavailable","Coordinates intentionally left blank: source provides no verified office coordinate or geocoder evidence.","Geocode the public office address and validate at city/state level."
"LOC-0092","ORG-0092","Jurukur Loudin & Associates","Penampang","Penampang, Sabah, Malaysia","","","Unavailable","Unavailable","Coordinates intentionally left blank: source provides no verified office coordinate or geocoder evidence.","Geocode the public office address and validate at city/state level."
"LOC-0093","ORG-0093","Jurukur Wahap","Kota Kinabalu","Kota Kinabalu, Sabah, Malaysia","","","Unavailable","Unavailable","Coordinates intentionally left blank: source provides no verified office coordinate or geocoder evidence.","Geocode the public office address and validate at city/state level."
"LOC-0094","ORG-0094","Radian Geomatics PLT","Kota Kinabalu","Kota Kinabalu, Sabah, Malaysia","","","Unavailable","Unavailable","Coordinates intentionally left blank: source provides no verified office coordinate or geocoder evidence.","Geocode the public office address and validate at city/state level."
"LOC-0095","ORG-0095","Jurukur Saat D","Sandakan","Sandakan, Sabah, Malaysia","","","Unavailable","Unavailable","Coordinates intentionally left blank: source provides no verified office coordinate or geocoder evidence.","Geocode the public office address and validate at city/state level."
"LOC-0096","ORG-0096","Perunding Ukur Utama","Kota Kinabalu","Kota Kinabalu, Sabah, Malaysia","","","Unavailable","Unavailable","Coordinates intentionally left blank: source provides no verified office coordinate or geocoder evidence.","Geocode the public office address and validate at city/state level."
"LOC-0097","ORG-0097","Juruukur Bernard Liew & Associates","Kota Kinabalu","Kota Kinabalu, Sabah, Malaysia","","","Unavailable","Unavailable","Coordinates intentionally left blank: source provides no verified office coordinate or geocoder evidence.","Geocode the public office address and validate at city/state level."
"LOC-0098","ORG-0098","Jurukur Masa","Kota Kinabalu","Kota Kinabalu, Sabah, Malaysia","","","Unavailable","Unavailable","Coordinates intentionally left blank: source provides no verified office coordinate or geocoder evidence.","Geocode the public office address and validate at city/state level."
"LOC-0099","ORG-0099","Wah King Tze & Rakan","Kota Kinabalu","Kota Kinabalu, Sabah, Malaysia","","","Unavailable","Unavailable","Coordinates intentionally left blank: source provides no verified office coordinate or geocoder evidence.","Geocode the public office address and validate at city/state level."
"LOC-0100","ORG-0100","Jurukur Swasta","Kota Kinabalu","Kota Kinabalu, Sabah, Malaysia","","","Unavailable","Unavailable","Coordinates intentionally left blank: source provides no verified office coordinate or geocoder evidence.","Geocode the public office address and validate at city/state level."
"LOC-0101","ORG-0101","Sejagat Survey Consultant","Kota Kinabalu","Kota Kinabalu, Sabah, Malaysia","","","Unavailable","Unavailable","Coordinates intentionally left blank: source provides no verified office coordinate or geocoder evidence.","Geocode the public office address and validate at city/state level."
"LOC-0102","ORG-0102","Geocosmos Survey Consultant","Kota Kinabalu","Kota Kinabalu, Sabah, Malaysia","","","Unavailable","Unavailable","Coordinates intentionally left blank: source provides no verified office coordinate or geocoder evidence.","Geocode the public office address and validate at city/state level."
"LOC-0103","ORG-0103","Indera Ukur Konsultan","Penampang","Penampang, Sabah, Malaysia","","","Unavailable","Unavailable","Coordinates intentionally left blank: source provides no verified office coordinate or geocoder evidence.","Geocode the public office address and validate at city/state level."
"LOC-0104","ORG-0104","Lands and Surveys Department Sabah","Kota Kinabalu","Kota Kinabalu, Sabah, Malaysia","","","Unavailable","Unavailable","Coordinates intentionally left blank: source provides no verified office coordinate or geocoder evidence.","Geocode the public office address and validate at city/state level."
"LOC-0105","ORG-0105","Sabah Forestry Department","Sandakan","Sandakan, Sabah, Malaysia","","","Unavailable","Unavailable","Coordinates intentionally left blank: source provides no verified office coordinate or geocoder evidence.","Geocode the public office address and validate at city/state level."
"LOC-0106","ORG-0106","Town and Regional Planning Department Sabah","Kota Kinabalu","Kota Kinabalu, Sabah, Malaysia","","","Unavailable","Unavailable","Coordinates intentionally left blank: source provides no verified office coordinate or geocoder evidence.","Geocode the public office address and validate at city/state level."
"LOC-0107","ORG-0107","Department of Irrigation and Drainage Sabah","Kota Kinabalu","Kota Kinabalu, Sabah, Malaysia","","","Unavailable","Unavailable","Coordinates intentionally left blank: source provides no verified office coordinate or geocoder evidence.","Geocode the public office address and validate at city/state level."
"LOC-0108","ORG-0108","Sabah Parks","Kota Kinabalu","Kota Kinabalu, Sabah, Malaysia","","","Unavailable","Unavailable","Coordinates intentionally left blank: source provides no verified office coordinate or geocoder evidence.","Geocode the public office address and validate at city/state level."
"LOC-0109","ORG-0109","Sabah Biodiversity Centre","Kota Kinabalu","Kota Kinabalu, Sabah, Malaysia","","","Unavailable","Unavailable","Coordinates intentionally left blank: source provides no verified office coordinate or geocoder evidence.","Geocode the public office address and validate at city/state level."
"LOC-0110","ORG-0028","Bandwork GPS Solutions Sdn Bhd","Kota Kinabalu","Kota Kinabalu, Sabah, Malaysia","","","Unavailable","Unavailable","Coordinates intentionally left blank: source provides no verified office coordinate or geocoder evidence.","Geocode the public office address and validate at city/state level."
"LOC-0111","ORG-0110","ACE Geomatics Sdn. Bhd.","Kuching","Kuching, Sarawak, Malaysia","","","Unavailable","Unavailable","Coordinates intentionally left blank: source provides no verified office coordinate or geocoder evidence.","Geocode the public office address and validate at city/state level."
"LOC-0112","ORG-0111","AD. Lulu Survey Consultant","Kuching","Kuching, Sarawak, Malaysia","","","Unavailable","Unavailable","Coordinates intentionally left blank: source provides no verified office coordinate or geocoder evidence.","Geocode the public office address and validate at city/state level."
"LOC-0113","ORG-0112","Alpha Survey Consultant","Kuching","Kuching, Sarawak, Malaysia","","","Unavailable","Unavailable","Coordinates intentionally left blank: source provides no verified office coordinate or geocoder evidence.","Geocode the public office address and validate at city/state level."
"LOC-0114","ORG-0113","Apex Survey Consultants Sdn. Bhd.","Kuching","Kuching, Sarawak, Malaysia","","","Unavailable","Unavailable","Coordinates intentionally left blank: source provides no verified office coordinate or geocoder evidence.","Geocode the public office address and validate at city/state level."
"LOC-0115","ORG-0114","Ark Geomatics Consultant","Kuching","Kuching, Sarawak, Malaysia","","","Unavailable","Unavailable","Coordinates intentionally left blank: source provides no verified office coordinate or geocoder evidence.","Geocode the public office address and validate at city/state level."
"LOC-0116","ORG-0115","Azam Dinamik Survey","Bintulu / Miri","Bintulu, Sarawak, Malaysia","","","Unavailable","Unavailable","Coordinates intentionally left blank: source provides no verified office coordinate or geocoder evidence.","Geocode the public office address and validate at city/state level."
"LOC-0117","ORG-0116","Blessed Earth Survey Services","Kuching / Miri","Kuching, Sarawak, Malaysia","","","Unavailable","Unavailable","Coordinates intentionally left blank: source provides no verified office coordinate or geocoder evidence.","Geocode the public office address and validate at city/state level."
"LOC-0118","ORG-0117","Borders Survey Consultant Sdn. Bhd.","Kuching","Kuching, Sarawak, Malaysia","","","Unavailable","Unavailable","Coordinates intentionally left blank: source provides no verified office coordinate or geocoder evidence.","Geocode the public office address and validate at city/state level."
"LOC-0119","ORG-0118","Bormap Surveys Sdn. Bhd.","Kuching / Sibu / Bintulu","Kuching, Sarawak, Malaysia","","","Unavailable","Unavailable","Coordinates intentionally left blank: source provides no verified office coordinate or geocoder evidence.","Geocode the public office address and validate at city/state level."
"LOC-0120","ORG-0119","Geomatics Survey Consultants","Kuching","Kuching, Sarawak, Malaysia","","","Unavailable","Unavailable","Coordinates intentionally left blank: source provides no verified office coordinate or geocoder evidence.","Geocode the public office address and validate at city/state level."
"LOC-0121","ORG-0120","Geosurvey Consultant","Kuching","Kuching, Sarawak, Malaysia","","","Unavailable","Unavailable","Coordinates intentionally left blank: source provides no verified office coordinate or geocoder evidence.","Geocode the public office address and validate at city/state level."
"LOC-0122","ORG-0121","Global Survey Services","Kuching","Kuching, Sarawak, Malaysia","","","Unavailable","Unavailable","Coordinates intentionally left blank: source provides no verified office coordinate or geocoder evidence.","Geocode the public office address and validate at city/state level."
"LOC-0123","ORG-0122","J.C Survey Services","Kuching","Kuching, Sarawak, Malaysia","","","Unavailable","Unavailable","Coordinates intentionally left blank: source provides no verified office coordinate or geocoder evidence.","Geocode the public office address and validate at city/state level."
"LOC-0124","ORG-0123","Jurukon Malaysia","Kuching","Kuching, Sarawak, Malaysia","","","Unavailable","Unavailable","Coordinates intentionally left blank: source provides no verified office coordinate or geocoder evidence.","Geocode the public office address and validate at city/state level."
"LOC-0125","ORG-0124","Jurukur Awang","Mukah","Mukah, Sarawak, Malaysia","","","Unavailable","Unavailable","Coordinates intentionally left blank: source provides no verified office coordinate or geocoder evidence.","Geocode the public office address and validate at city/state level."
"LOC-0126","ORG-0125","Jurukur Jaya","Kuching","Kuching, Sarawak, Malaysia","","","Unavailable","Unavailable","Coordinates intentionally left blank: source provides no verified office coordinate or geocoder evidence.","Geocode the public office address and validate at city/state level."
"LOC-0127","ORG-0126","Jurukur Maju Jaya","Kuching","Kuching, Sarawak, Malaysia","","","Unavailable","Unavailable","Coordinates intentionally left blank: source provides no verified office coordinate or geocoder evidence.","Geocode the public office address and validate at city/state level."
"LOC-0128","ORG-0127","Jurukur Metra","Kuching","Kuching, Sarawak, Malaysia","","","Unavailable","Unavailable","Coordinates intentionally left blank: source provides no verified office coordinate or geocoder evidence.","Geocode the public office address and validate at city/state level."
"LOC-0129","ORG-0128","Jurukur Perkasa Sdn. Bhd.","Kota Samarahan","Kota Samarahan, Sarawak, Malaysia","","","Unavailable","Unavailable","Coordinates intentionally left blank: source provides no verified office coordinate or geocoder evidence.","Geocode the public office address and validate at city/state level."
"LOC-0130","ORG-0129","Jurukur Ramdan","Kuching","Kuching, Sarawak, Malaysia","","","Unavailable","Unavailable","Coordinates intentionally left blank: source provides no verified office coordinate or geocoder evidence.","Geocode the public office address and validate at city/state level."
"LOC-0131","ORG-0130","Juru Survei Konsult","Kuching","Kuching, Sarawak, Malaysia","","","Unavailable","Unavailable","Coordinates intentionally left blank: source provides no verified office coordinate or geocoder evidence.","Geocode the public office address and validate at city/state level."
"LOC-0132","ORG-0131","Juru Survei Mas Gading","Kuching","Kuching, Sarawak, Malaysia","","","Unavailable","Unavailable","Coordinates intentionally left blank: source provides no verified office coordinate or geocoder evidence.","Geocode the public office address and validate at city/state level."
"LOC-0133","ORG-0132","Juruukur Prima","Kuching / Miri","Kuching, Sarawak, Malaysia","","","Unavailable","Unavailable","Coordinates intentionally left blank: source provides no verified office coordinate or geocoder evidence.","Geocode the public office address and validate at city/state level."
"LOC-0134","ORG-0133","LS Survey Consultant Sdn. Bhd.","Kuching","Kuching, Sarawak, Malaysia","","","Unavailable","Unavailable","Coordinates intentionally left blank: source provides no verified office coordinate or geocoder evidence.","Geocode the public office address and validate at city/state level."
"LOC-0135","ORG-0134","PS Survey Consultant","Sibu","Sibu, Sarawak, Malaysia","","","Unavailable","Unavailable","Coordinates intentionally left blank: source provides no verified office coordinate or geocoder evidence.","Geocode the public office address and validate at city/state level."
"LOC-0136","ORG-0135","Perunding Survei TS","Kuching","Kuching, Sarawak, Malaysia","","","Unavailable","Unavailable","Coordinates intentionally left blank: source provides no verified office coordinate or geocoder evidence.","Geocode the public office address and validate at city/state level."
"LOC-0137","ORG-0136","Perunding Ukurtanah Watan","Kuching","Kuching, Sarawak, Malaysia","","","Unavailable","Unavailable","Coordinates intentionally left blank: source provides no verified office coordinate or geocoder evidence.","Geocode the public office address and validate at city/state level."
"LOC-0138","ORG-0137","Putra Geomatics Survey","Miri / Kuching","Miri, Sarawak, Malaysia","","","Unavailable","Unavailable","Coordinates intentionally left blank: source provides no verified office coordinate or geocoder evidence.","Geocode the public office address and validate at city/state level."
"LOC-0139","ORG-0138","Resources Surveys Services","Kuching","Kuching, Sarawak, Malaysia","","","Unavailable","Unavailable","Coordinates intentionally left blank: source provides no verified office coordinate or geocoder evidence.","Geocode the public office address and validate at city/state level."
"LOC-0140","ORG-0139","Saland Survey Services","Kuching","Kuching, Sarawak, Malaysia","","","Unavailable","Unavailable","Coordinates intentionally left blank: source provides no verified office coordinate or geocoder evidence.","Geocode the public office address and validate at city/state level."
"LOC-0141","ORG-0140","Survey Development Services","Kuching / Sarikei / Miri","Kuching, Sarawak, Malaysia","","","Unavailable","Unavailable","Coordinates intentionally left blank: source provides no verified office coordinate or geocoder evidence.","Geocode the public office address and validate at city/state level."
"LOC-0142","ORG-0141","Survey Solutions","Kuching","Kuching, Sarawak, Malaysia","","","Unavailable","Unavailable","Coordinates intentionally left blank: source provides no verified office coordinate or geocoder evidence.","Geocode the public office address and validate at city/state level."
"LOC-0143","ORG-0142","Terra Survey Services","Kuching","Kuching, Sarawak, Malaysia","","","Unavailable","Unavailable","Coordinates intentionally left blank: source provides no verified office coordinate or geocoder evidence.","Geocode the public office address and validate at city/state level."
"LOC-0144","ORG-0143","Total Survey Consultant","Kuching","Kuching, Sarawak, Malaysia","","","Unavailable","Unavailable","Coordinates intentionally left blank: source provides no verified office coordinate or geocoder evidence.","Geocode the public office address and validate at city/state level."
"LOC-0145","ORG-0144","Ukurancang Perunding Sdn. Bhd.","Kuching","Kuching, Sarawak, Malaysia","","","Unavailable","Unavailable","Coordinates intentionally left blank: source provides no verified office coordinate or geocoder evidence.","Geocode the public office address and validate at city/state level."
"LOC-0146","ORG-0145","Ukurunding Kenyalang Sdn. Bhd.","Kuching","Kuching, Sarawak, Malaysia","","","Unavailable","Unavailable","Coordinates intentionally left blank: source provides no verified office coordinate or geocoder evidence.","Geocode the public office address and validate at city/state level."
"LOC-0147","ORG-0146","United Survey Consultants Sdn. Bhd.","Kuching","Kuching, Sarawak, Malaysia","","","Unavailable","Unavailable","Coordinates intentionally left blank: source provides no verified office coordinate or geocoder evidence.","Geocode the public office address and validate at city/state level."
"LOC-0148","ORG-0147","Wann Geometics Survey","Kuching","Kuching, Sarawak, Malaysia","","","Unavailable","Unavailable","Coordinates intentionally left blank: source provides no verified office coordinate or geocoder evidence.","Geocode the public office address and validate at city/state level."
"LOC-0149","ORG-0148","W.L.S. Survey Services","Kuching","Kuching, Sarawak, Malaysia","","","Unavailable","Unavailable","Coordinates intentionally left blank: source provides no verified office coordinate or geocoder evidence.","Geocode the public office address and validate at city/state level."
"LOC-0150","ORG-0149","X.Y.Z. Surveys","Kuching","Kuching, Sarawak, Malaysia","","","Unavailable","Unavailable","Coordinates intentionally left blank: source provides no verified office coordinate or geocoder evidence.","Geocode the public office address and validate at city/state level."
"LOC-0151","ORG-0150","Land and Survey Department Sarawak","Kuching","Kuching, Sarawak, Malaysia","","","Unavailable","Unavailable","Coordinates intentionally left blank: source provides no verified office coordinate or geocoder evidence.","Geocode the public office address and validate at city/state level."
"LOC-0152","ORG-0151","Forest Department Sarawak","Kuching","Kuching, Sarawak, Malaysia","","","Unavailable","Unavailable","Coordinates intentionally left blank: source provides no verified office coordinate or geocoder evidence.","Geocode the public office address and validate at city/state level."
"LOC-0153","ORG-0152","Public Works Department Sarawak","Kuching","Kuching, Sarawak, Malaysia","","","Unavailable","Unavailable","Coordinates intentionally left blank: source provides no verified office coordinate or geocoder evidence.","Geocode the public office address and validate at city/state level."
"LOC-0154","ORG-0153","Natural Resources and Environment Board Sarawak (NREB)","Kuching","Kuching, Sarawak, Malaysia","","","Unavailable","Unavailable","Coordinates intentionally left blank: source provides no verified office coordinate or geocoder evidence.","Geocode the public office address and validate at city/state level."
"LOC-0155","ORG-0154","Ministry of Utility and Telecommunication Sarawak","Kuching","Kuching, Sarawak, Malaysia","","","Unavailable","Unavailable","Coordinates intentionally left blank: source provides no verified office coordinate or geocoder evidence.","Geocode the public office address and validate at city/state level."
"LOC-0156","ORG-0155","Sarawak Information Systems Sdn Bhd (SAINS)","Kuching","Kuching, Sarawak, Malaysia","","","Unavailable","Unavailable","Coordinates intentionally left blank: source provides no verified office coordinate or geocoder evidence.","Geocode the public office address and validate at city/state level."
"LOC-0157","ORG-0156","Sarawak Energy Berhad","Kuching","Kuching, Sarawak, Malaysia","","","Unavailable","Unavailable","Coordinates intentionally left blank: source provides no verified office coordinate or geocoder evidence.","Geocode the public office address and validate at city/state level."
"LOC-0158","ORG-0157","Singapore Land Authority","Singapore","Singapore","","","Unavailable","Unavailable","Coordinates intentionally left blank: source provides no verified office coordinate or geocoder evidence.","Geocode the public office address and validate at city/state level."
"LOC-0159","ORG-0158","Land Surveyors Board Singapore","Singapore","Singapore","","","Unavailable","Unavailable","Coordinates intentionally left blank: source provides no verified office coordinate or geocoder evidence.","Geocode the public office address and validate at city/state level."
"LOC-0160","ORG-0159","Esri Singapore Pte Ltd","Singapore","Singapore","","","Unavailable","Unavailable","Coordinates intentionally left blank: source provides no verified office coordinate or geocoder evidence.","Geocode the public office address and validate at city/state level."
"LOC-0161","ORG-0160","Fugro Singapore","Singapore","Singapore","","","Unavailable","Unavailable","Coordinates intentionally left blank: source provides no verified office coordinate or geocoder evidence.","Geocode the public office address and validate at city/state level."
"LOC-0162","ORG-0161","Badan Informasi Geospasial (BIG)","Indonesia","Indonesia","","","Unavailable","Unavailable","Coordinates intentionally left blank: source provides no verified office coordinate or geocoder evidence.","Geocode the public office address and validate at city/state level."
"LOC-0163","ORG-0162","Terra Drone Indonesia","Indonesia","Indonesia","","","Unavailable","Unavailable","Coordinates intentionally left blank: source provides no verified office coordinate or geocoder evidence.","Geocode the public office address and validate at city/state level."
"LOC-0164","ORG-0163","PT. Sriwijaya Aero Indonesia","Indonesia","Indonesia","","","Unavailable","Unavailable","Coordinates intentionally left blank: source provides no verified office coordinate or geocoder evidence.","Geocode the public office address and validate at city/state level."
"LOC-0165","ORG-0164","GISTDA","Thailand","Thailand","","","Unavailable","Unavailable","Coordinates intentionally left blank: source provides no verified office coordinate or geocoder evidence.","Geocode the public office address and validate at city/state level."
"LOC-0166","ORG-0165","GeoViet Consulting","Vietnam","Vietnam","","","Unavailable","Unavailable","Coordinates intentionally left blank: source provides no verified office coordinate or geocoder evidence.","Geocode the public office address and validate at city/state level."
"LOC-0167","ORG-0166","Vietnam National Space Center (VNSC)","Vietnam","Vietnam","","","Unavailable","Unavailable","Coordinates intentionally left blank: source provides no verified office coordinate or geocoder evidence.","Geocode the public office address and validate at city/state level."
"LOC-0168","ORG-0167","Green Field Consulting & Development Co., Ltd.","Vietnam","Vietnam","","","Unavailable","Unavailable","Coordinates intentionally left blank: source provides no verified office coordinate or geocoder evidence.","Geocode the public office address and validate at city/state level."
"LOC-0169","ORG-0168","NAMRIA","Philippines","Philippines","","","Unavailable","Unavailable","Coordinates intentionally left blank: source provides no verified office coordinate or geocoder evidence.","Geocode the public office address and validate at city/state level."
"LOC-0170","ORG-0169","National Geographic Department","Laos","Laos","","","Unavailable","Unavailable","Coordinates intentionally left blank: source provides no verified office coordinate or geocoder evidence.","Geocode the public office address and validate at city/state level."
"LOC-0171","ORG-0170","Land Surveyors Board Brunei Darussalam","Brunei","Brunei","","","Unavailable","Unavailable","Coordinates intentionally left blank: source provides no verified office coordinate or geocoder evidence.","Geocode the public office address and validate at city/state level."
"LOC-0172","ORG-0171","VidaGIS (Vietnam-Denmark Geoinformatics Co. Ltd)","Vietnam","Vietnam","","","Unavailable","Unavailable","Coordinates intentionally left blank: source provides no verified office coordinate or geocoder evidence.","Geocode the public office address and validate at city/state level."
"LOC-0173","ORG-0172","Geodata Systems Technologies, Inc.","Philippines","Philippines","","","Unavailable","Unavailable","Coordinates intentionally left blank: source provides no verified office coordinate or geocoder evidence.","Geocode the public office address and validate at city/state level."
"LOC-0174","ORG-0173","SRDP Consulting, Inc.","Philippines","Philippines","","","Unavailable","Unavailable","Coordinates intentionally left blank: source provides no verified office coordinate or geocoder evidence.","Geocode the public office address and validate at city/state level."
"LOC-0175","ORG-0174","Survey Department, Ministry of Development","Brunei","Brunei","","","Unavailable","Unavailable","Coordinates intentionally left blank: source provides no verified office coordinate or geocoder evidence.","Geocode the public office address and validate at city/state level."
"LOC-0176","ORG-0175","Survey Department Myanmar","Myanmar","Myanmar","","","Unavailable","Unavailable","Coordinates intentionally left blank: source provides no verified office coordinate or geocoder evidence.","Geocode the public office address and validate at city/state level."
"LOC-0177","ORG-0176","Center of Survey and Mapping Data","Vietnam","Vietnam","","","Unavailable","Unavailable","Coordinates intentionally left blank: source provides no verified office coordinate or geocoder evidence.","Geocode the public office address and validate at city/state level."
"LOC-0178","ORG-0177","Royal Thai Survey Department","Thailand","Thailand","","","Unavailable","Unavailable","Coordinates intentionally left blank: source provides no verified office coordinate or geocoder evidence.","Geocode the public office address and validate at city/state level."
"LOC-0179","ORG-0178","Hydrographic Department, Royal Thai Navy","Thailand","Thailand","","","Unavailable","Unavailable","Coordinates intentionally left blank: source provides no verified office coordinate or geocoder evidence.","Geocode the public office address and validate at city/state level."
"LOC-0180","ORG-0179","Maritime and Port Authority of Singapore (MPA)","Singapore","Singapore","","","Unavailable","Unavailable","Coordinates intentionally left blank: source provides no verified office coordinate or geocoder evidence.","Geocode the public office address and validate at city/state level."
"LOC-0181","ORG-0180","ST Engineering Geo-Insights Pte Ltd","Singapore","Singapore","","","Unavailable","Unavailable","Coordinates intentionally left blank: source provides no verified office coordinate or geocoder evidence.","Geocode the public office address and validate at city/state level."
"LOC-0182","ORG-0181","GIS Co., Ltd.","Thailand","Thailand","","","Unavailable","Unavailable","Coordinates intentionally left blank: source provides no verified office coordinate or geocoder evidence.","Geocode the public office address and validate at city/state level."
"LOC-0183","ORG-0182","Esri (Thailand) Company Limited","Thailand","Thailand","","","Unavailable","Unavailable","Coordinates intentionally left blank: source provides no verified office coordinate or geocoder evidence.","Geocode the public office address and validate at city/state level."
"LOC-0184","ORG-0183","Esri Indonesia","Indonesia","Indonesia","","","Unavailable","Unavailable","Coordinates intentionally left blank: source provides no verified office coordinate or geocoder evidence.","Geocode the public office address and validate at city/state level."
"LOC-0185","ORG-0184","Geographic Technology Solutions","Vietnam","Vietnam","","","Unavailable","Unavailable","Coordinates intentionally left blank: source provides no verified office coordinate or geocoder evidence.","Geocode the public office address and validate at city/state level."
"LOC-0186","ORG-0185","Jurukur Generasi","Selangor, Malaysia","Selangor, Malaysia","","","Unavailable","Unavailable","Coordinates intentionally left blank: no verified office coordinate was captured in this research pass.","Verify the public office address, then geocode and validate at city/state level."
"LOC-0187","ORG-0186","Jurukur Mentari Sdn Bhd","Selangor, Malaysia","Selangor, Malaysia","","","Unavailable","Unavailable","Coordinates intentionally left blank: no verified office coordinate was captured in this research pass.","Verify the public office address, then geocode and validate at city/state level."
"LOC-0188","ORG-0187","Jurukur Khoo & Mas","Kuala Lumpur, Malaysia","Kuala Lumpur, Malaysia","","","Unavailable","Unavailable","Coordinates intentionally left blank: no verified office coordinate was captured in this research pass.","Verify the public office address, then geocode and validate at city/state level."
"LOC-0189","ORG-0188","JP Surveys Sdn Bhd","Puchong, Selangor, Malaysia","Puchong, Selangor, Malaysia","","","Unavailable","Unavailable","Coordinates intentionally left blank: no verified office coordinate was captured in this research pass.","Verify the public office address, then geocode and validate at city/state level."
"LOC-0190","ORG-0189","Studioukur Geomatics Sdn Bhd","Malaysia","Malaysia","","","Unavailable","Unavailable","Coordinates intentionally left blank: no verified office coordinate was captured in this research pass.","Verify the public office address, then geocode and validate at city/state level."
"LOC-0191","ORG-0190","AA Geomatics and Survey Consultant","Malaysia","Malaysia","","","Unavailable","Unavailable","Coordinates intentionally left blank: no verified office coordinate was captured in this research pass.","Verify the public office address, then geocode and validate at city/state level."
"LOC-0192","ORG-0191","Perunding Ukur Ara","Malaysia","Malaysia","","","Unavailable","Unavailable","Coordinates intentionally left blank: no verified office coordinate was captured in this research pass.","Verify the public office address, then geocode and validate at city/state level."
"LOC-0193","ORG-0192","Perunding Ukur Ridhwan","Malaysia","Malaysia","","","Unavailable","Unavailable","Coordinates intentionally left blank: no verified office coordinate was captured in this research pass.","Verify the public office address, then geocode and validate at city/state level."
"LOC-0194","ORG-0193","Perunding Ukur Juara","Malaysia","Malaysia","","","Unavailable","Unavailable","Coordinates intentionally left blank: no verified office coordinate was captured in this research pass.","Verify the public office address, then geocode and validate at city/state level."
"LOC-0195","ORG-0194","JDinar Geomatics Sdn Bhd","Malaysia","Malaysia","","","Unavailable","Unavailable","Coordinates intentionally left blank: no verified office coordinate was captured in this research pass.","Verify the public office address, then geocode and validate at city/state level."
"LOC-0196","ORG-0195","Jurukur Ceria Sdn Bhd","Sungai Petani, Kedah, Malaysia","Sungai Petani, Kedah, Malaysia","","","Unavailable","Unavailable","Coordinates intentionally left blank: no verified office coordinate was captured in this research pass.","Verify the public office address, then geocode and validate at city/state level."
"LOC-0197","ORG-0196","DHM Survey Consultant Sdn Bhd","Kota Bharu, Kelantan, Malaysia","Kota Bharu, Kelantan, Malaysia","","","Unavailable","Unavailable","Coordinates intentionally left blank: no verified office coordinate was captured in this research pass.","Verify the public office address, then geocode and validate at city/state level."
"LOC-0198","ORG-0197","ABGeo (M) Sdn Bhd","Malaysia","Malaysia","","","Unavailable","Unavailable","Coordinates intentionally left blank: no verified office coordinate was captured in this research pass.","Verify the public office address, then geocode and validate at city/state level."
"LOC-0199","ORG-0198","Juruukur Permai","Malaysia","Malaysia","","","Unavailable","Unavailable","Coordinates intentionally left blank: no verified office coordinate was captured in this research pass.","Verify the public office address, then geocode and validate at city/state level."
"LOC-0200","ORG-0199","Jurukur Perunding Services Sdn Bhd","Malaysia","Malaysia","","","Unavailable","Unavailable","Coordinates intentionally left blank: no verified office coordinate was captured in this research pass.","Verify the public office address, then geocode and validate at city/state level."
"LOC-0201","ORG-0200","MK Survey Sdn Bhd","Malaysia","Malaysia","","","Unavailable","Unavailable","Coordinates intentionally left blank: no verified office coordinate was captured in this research pass.","Verify the public office address, then geocode and validate at city/state level."
"LOC-0202","ORG-0201","Abdullah Taha Surveyors Sdn Bhd","Malaysia","Malaysia","","","Unavailable","Unavailable","Coordinates intentionally left blank: no verified office coordinate was captured in this research pass.","Verify the public office address, then geocode and validate at city/state level."
"LOC-0203","ORG-0202","ABS Ukur","Malaysia","Malaysia","","","Unavailable","Unavailable","Coordinates intentionally left blank: no verified office coordinate was captured in this research pass.","Verify the public office address, then geocode and validate at city/state level."
"LOC-0204","ORG-0203","Gas Malaysia Distribution Sdn Bhd","Shah Alam, Selangor, Malaysia","Shah Alam, Selangor, Malaysia","","","Unavailable","Unavailable","Coordinates intentionally left blank: no verified office coordinate was captured in this research pass.","Verify the public office address, then geocode and validate at city/state level."
"LOC-0205","ORG-0204","ITMAX System Berhad","Kuala Lumpur, Malaysia","Kuala Lumpur, Malaysia","","","Unavailable","Unavailable","Coordinates intentionally left blank: no verified office coordinate was captured in this research pass.","Verify the public office address, then geocode and validate at city/state level."
"LOC-0206","ORG-0205","Aurecon Malaysia","Petaling Jaya, Selangor, Malaysia","Petaling Jaya, Selangor, Malaysia","","","Unavailable","Unavailable","Coordinates intentionally left blank: no verified office coordinate was captured in this research pass.","Verify the public office address, then geocode and validate at city/state level."
"LOC-0207","ORG-0206","Easytech Services Sdn Bhd","Kuala Lumpur, Malaysia","Kuala Lumpur, Malaysia","","","Unavailable","Unavailable","Coordinates intentionally left blank: no verified office coordinate was captured in this research pass.","Verify the public office address, then geocode and validate at city/state level."
"LOC-0208","ORG-0207","ACGT Sdn Bhd","Kuala Lumpur, Malaysia","Kuala Lumpur, Malaysia","","","Unavailable","Unavailable","Coordinates intentionally left blank: no verified office coordinate was captured in this research pass.","Verify the public office address, then geocode and validate at city/state level."
"LOC-0209","ORG-0208","Applied Agricultural Resources Sdn Bhd","Petaling Jaya, Selangor, Malaysia","Petaling Jaya, Selangor, Malaysia","","","Unavailable","Unavailable","Coordinates intentionally left blank: no verified office coordinate was captured in this research pass.","Verify the public office address, then geocode and validate at city/state level."
"LOC-0210","ORG-0209","Mogul Pte Ltd","Singapore, Singapore","Singapore, Singapore","","","Unavailable","Unavailable","Coordinates intentionally left blank: no verified office coordinate was captured in this research pass.","Verify the public office address, then geocode and validate at city/state level."
"LOC-0211","ORG-0210","Binaan Desjaya Sdn Bhd","Ranau, Sabah, Malaysia","Ranau, Sabah, Malaysia","","","Unavailable","Unavailable","Coordinates intentionally left blank: no verified office coordinate was captured in this research pass.","Verify the public office address, then geocode and validate at city/state level."
"LOC-0212","ORG-0211","Infinity RC Builder Sdn Bhd","Johor Bahru, Johor, Malaysia","Johor Bahru, Johor, Malaysia","","","Unavailable","Unavailable","Coordinates intentionally left blank: no verified office coordinate was captured in this research pass.","Verify the public office address, then geocode and validate at city/state level."
"LOC-0213","ORG-0212","NRI Holdings Sdn Bhd","Kajang, Selangor, Malaysia","Kajang, Selangor, Malaysia","","","Unavailable","Unavailable","Coordinates intentionally left blank: no verified office coordinate was captured in this research pass.","Verify the public office address, then geocode and validate at city/state level."
"LOC-0214","ORG-0213","MOSAR Consult Sdn Bhd","Shah Alam, Selangor, Malaysia","Shah Alam, Selangor, Malaysia","","","Unavailable","Unavailable","Coordinates intentionally left blank: no verified office coordinate was captured in this research pass.","Verify the public office address, then geocode and validate at city/state level."
"LOC-0215","ORG-0214","MGB Berhad","Cameron Highlands, Pahang, Malaysia","Cameron Highlands, Pahang, Malaysia","","","Unavailable","Unavailable","Coordinates intentionally left blank: no verified office coordinate was captured in this research pass.","Verify the public office address, then geocode and validate at city/state level."
"LOC-0216","ORG-0215","Jurukur Murni","Kuala Lumpur, Malaysia","Kuala Lumpur, Malaysia","","","Unavailable","Unavailable","Coordinates intentionally left blank: no verified office coordinate was captured in this research pass.","Verify the public office address, then geocode and validate at city/state level."
"LOC-0217","ORG-0216","Geoland TYY Sdn Bhd","Kuala Lumpur, Malaysia","Kuala Lumpur, Malaysia","","","Unavailable","Unavailable","Coordinates intentionally left blank: no verified office coordinate was captured in this research pass.","Verify the public office address, then geocode and validate at city/state level."
"LOC-0218","ORG-0217","HTX Singapore","Singapore, Singapore","Singapore, Singapore","","","Unavailable","Unavailable","Coordinates intentionally left blank: no verified office coordinate was captured in this research pass.","Verify the public office address, then geocode and validate at city/state level."
"LOC-0219","ORG-0218","Land Transport Authority Singapore","Singapore, Singapore","Singapore, Singapore","","","Unavailable","Unavailable","Coordinates intentionally left blank: no verified office coordinate was captured in this research pass.","Verify the public office address, then geocode and validate at city/state level."
"LOC-0220","ORG-0219","Activate Interactive Pte Ltd","Singapore, Singapore","Singapore, Singapore","","","Unavailable","Unavailable","Coordinates intentionally left blank: no verified office coordinate was captured in this research pass.","Verify the public office address, then geocode and validate at city/state level."
"LOC-0221","ORG-0220","Tata Consultancy Services Singapore","Singapore, Singapore","Singapore, Singapore","","","Unavailable","Unavailable","Coordinates intentionally left blank: no verified office coordinate was captured in this research pass.","Verify the public office address, then geocode and validate at city/state level."
"LOC-0222","ORG-0221","Urban Redevelopment Authority Singapore","Singapore, Singapore","Singapore, Singapore","","","Unavailable","Unavailable","Coordinates intentionally left blank: no verified office coordinate was captured in this research pass.","Verify the public office address, then geocode and validate at city/state level."
"LOC-0223","ORG-0222","National University of Singapore","Singapore, Singapore","Singapore, Singapore","","","Unavailable","Unavailable","Coordinates intentionally left blank: no verified office coordinate was captured in this research pass.","Verify the public office address, then geocode and validate at city/state level."
"LOC-0224","ORG-0223","MINDEF Singapore","Singapore, Singapore","Singapore, Singapore","","","Unavailable","Unavailable","Coordinates intentionally left blank: no verified office coordinate was captured in this research pass.","Verify the public office address, then geocode and validate at city/state level."
"LOC-0225","ORG-0224","Absolute Clean Energy Public Company Limited","Bangkok, Thailand","Bangkok, Thailand","","","Unavailable","Unavailable","Coordinates intentionally left blank: no verified office coordinate was captured in this research pass.","Verify the public office address, then geocode and validate at city/state level."
"LOC-0226","ORG-0225","Trigyn Technologies","Bangkok, Thailand","Bangkok, Thailand","","","Unavailable","Unavailable","Coordinates intentionally left blank: no verified office coordinate was captured in this research pass.","Verify the public office address, then geocode and validate at city/state level."
"LOC-0227","ORG-0226","AV EVOLUTION CO., LTD.","Bangkok, Thailand","Bangkok, Thailand","","","Unavailable","Unavailable","Coordinates intentionally left blank: no verified office coordinate was captured in this research pass.","Verify the public office address, then geocode and validate at city/state level."
"LOC-0228","ORG-0227","ACCIONA Energía Thailand","Bangkok, Thailand","Bangkok, Thailand","","","Unavailable","Unavailable","Coordinates intentionally left blank: no verified office coordinate was captured in this research pass.","Verify the public office address, then geocode and validate at city/state level."
"LOC-0229","ORG-0228","YO IT Consulting","Thailand","Thailand","","","Unavailable","Unavailable","Coordinates intentionally left blank: no verified office coordinate was captured in this research pass.","Verify the public office address, then geocode and validate at city/state level."
"LOC-0230","ORG-0229","China Railway Construction (Southeast Asia) Co., Ltd.","Rayong, Thailand","Rayong, Thailand","","","Unavailable","Unavailable","Coordinates intentionally left blank: no verified office coordinate was captured in this research pass.","Verify the public office address, then geocode and validate at city/state level."
"LOC-0231","ORG-0230","Sinar Mas Group","Jakarta, Indonesia","Jakarta, Indonesia","","","Unavailable","Unavailable","Coordinates intentionally left blank: no verified office coordinate was captured in this research pass.","Verify the public office address, then geocode and validate at city/state level."
"LOC-0232","ORG-0231","PT Palma Serasih Tbk","Jakarta, Indonesia","Jakarta, Indonesia","","","Unavailable","Unavailable","Coordinates intentionally left blank: no verified office coordinate was captured in this research pass.","Verify the public office address, then geocode and validate at city/state level."
"LOC-0233","ORG-0232","PT Indo Bumi Nickel","Wasile, North Maluku, Indonesia","Wasile, North Maluku, Indonesia","","","Unavailable","Unavailable","Coordinates intentionally left blank: no verified office coordinate was captured in this research pass.","Verify the public office address, then geocode and validate at city/state level."
"LOC-0234","ORG-0233","SMART Agribusiness and Food","Jakarta, Indonesia","Jakarta, Indonesia","","","Unavailable","Unavailable","Coordinates intentionally left blank: no verified office coordinate was captured in this research pass.","Verify the public office address, then geocode and validate at city/state level."
"LOC-0235","ORG-0234","PT Artha Demo Engineering Consultant","Jakarta, Indonesia","Jakarta, Indonesia","","","Unavailable","Unavailable","Coordinates intentionally left blank: no verified office coordinate was captured in this research pass.","Verify the public office address, then geocode and validate at city/state level."
"LOC-0236","ORG-0235","NIAT","Bandar Seri Begawan, Brunei-Muara, Brunei","Bandar Seri Begawan, Brunei-Muara, Brunei","","","Unavailable","Unavailable","Coordinates intentionally left blank: no verified office coordinate was captured in this research pass.","Verify the public office address, then geocode and validate at city/state level."
"LOC-0237","ORG-0236","Juruukur Fadly","Bandar Seri Begawan, Brunei-Muara, Brunei","Bandar Seri Begawan, Brunei-Muara, Brunei","","","Unavailable","Unavailable","Coordinates intentionally left blank: no verified office coordinate was captured in this research pass.","Verify the public office address, then geocode and validate at city/state level."
"LOC-0238","ORG-0055","GPS Lands (M) Sdn Bhd","Johor Bahru branch","Johor Bahru, Johor, Malaysia","","","Unavailable","Unavailable","Official branch address verified; coordinate remains blank pending independent map validation.","Geocode the official branch address and validate at office level."
"LOC-0239","ORG-0237","Koridor Utiliti Selangor Sdn Bhd (KUSEL)","Shah Alam","Shah Alam, Selangor, Malaysia","","","Unavailable","Unavailable","Official office address verified; no coordinate captured.","Geocode the official office address and validate at office level."
"LOC-0240","ORG-0238","Koridor Utiliti Johor Sdn Bhd","Johor Bahru","Johor Bahru, Johor, Malaysia","","","Unavailable","Unavailable","Official office address verified; no coordinate captured.","Geocode the official office address and validate at office level."
"LOC-0241","ORG-0239","Koridor Utiliti Darul Ridzuan Sdn Bhd (KUDR)","Ipoh","Ipoh, Perak, Malaysia","","","Unavailable","Unavailable","Official office address verified; no coordinate captured.","Geocode the official office address and validate at office level."
"LOC-0242","ORG-0240","AllTerra (M) Sdn Bhd","Subang Jaya","Subang Jaya, Selangor, Malaysia","","","Unavailable","Unavailable","Official office address verified; a web-listed coordinate was not used because it conflicts with the stated address.","Cross-check coordinate against the official address before mapping."
"LOC-0243","ORG-0241","Spectrum Geomatic Solution Sdn Bhd","Nilai","Nilai, Negeri Sembilan, Malaysia","","","Unavailable","Unavailable","Official address verified; no coordinate captured.","Geocode the official office address and validate at office level."
"LOC-0244","ORG-0242","Geomatic Solutions Sdn Bhd","Subang Jaya","Subang Jaya, Selangor, Malaysia","","","Unavailable","Unavailable","Official office address verified; no coordinate captured.","Geocode the official office address and validate at office level."
"LOC-0245","ORG-0243","Nautical Solution Sdn Bhd","Shah Alam","Shah Alam, Selangor, Malaysia","","","Unavailable","Unavailable","Official office address verified; no coordinate captured.","Geocode the official office address and validate at office level."