"Malaysia — Direktori Geomatik Mengikut Negeri Ringkasan ini ialah paparan formula daripada Dashboard_Master; ia tidak mencipta salinan data kanonik. State / Territory","Location Rows","Distinct Organizations","GIS","Land Survey","Hydrography","Remote Sensing","Drone/UAV","Utility Mapping","Licensed Firms","Coverage Status","Research Note"
"Johor","5","5","2","4","1","1","1","4","1","Covered","Public evidence recorded"
"Kedah","1","1","1","1","1","1","1","1","1","Low coverage","Public evidence recorded"
"Kelantan","1","1","1","1","1","1","1","1","1","Low coverage","Public evidence recorded"
"Melaka","1","1","1","1","1","1","1","1","1","Low coverage","Public evidence recorded"
"Negeri Sembilan","3","3","1","2","1","1","1","1","1","Low coverage","Public evidence recorded"
"Pahang","1","1","1","1","1","1","1","1","1","Low coverage","Public evidence recorded"
"Penang","0","0","0","0","0","0","0","0","0","Coverage gap","Priority for more research"
"Perak","1","1","1","1","1","1","1","1","1","Low coverage","Public evidence recorded"
"Perlis","0","0","0","0","0","0","0","0","0","Coverage gap","Priority for more research"
"Sabah","45","45","7","40","2","3","1","1","37","Covered","Public evidence recorded"
"Sarawak","47","47","7","42","1","5","1","2","40","Covered","Public evidence recorded"
"Selangor","35","35","28","11","9","17","8","10","3","Covered","Public evidence recorded"
"Terengganu","0","0","0","0","0","0","0","0","0","Coverage gap","Priority for more research"
"Kuala Lumpur","18","18","13","10","5","7","2","2","1","Covered","Public evidence recorded"
"Putrajaya","8","8","8","1","1","6","1","1","1","Covered","Public evidence recorded"
"Labuan","0","0","0","0","0","0","0","0","0","Coverage gap","Priority for more research"
"Belum ditentukan","30","30","16","15","2","9","7","1","12","Needs state research","Organizations retained, but state not yet verified"
"Directory formula — Malaysia organizations with verified state","","","","","","","","","","",""
"State","City","Organization_ID","Organization","Organization_Type","Ownership","Primary_Subfield","All_Subfields","Website","Verification_Status","Source_URL","Location_ID"
"Johor","Johor Bahru","ORG-0059","Ezam & Associates","Company","Private Company","Land Survey","Land Survey; Hydrography; Utility Mapping","https://ezamassociates.onesync.my","Verified","https://ezamassociates.onesync.my","LOC-0059"
"Johor","Johor Bahru","ORG-0055","GPS Lands (M) Sdn Bhd","Company","Private Company","Multi-disciplinary Geomatics","GIS; Land Survey; Remote Sensing; Drone/UAV; Utility Mapping","https://gpslands.com.my","Verified","https://gpslands.com.my/contact-us/","LOC-0238"
"Johor","Johor Bahru","ORG-0211","Infinity RC Builder Sdn Bhd","Company","Private Company","Land Survey","Land Survey","","Verified","https://my.jobstreet.com/geospatial-jobs/in-Malaysia","LOC-0212"
"Johor","Johor Bahru","ORG-0056","JL Global Invision Sdn Bhd","Company","Private Company","GIS","GIS; Land Survey; Utility Mapping","https://jlglobal.com.my","Verified","https://jlglobal.com.my","LOC-0056"
"Johor","Johor Bahru","ORG-0238","Koridor Utiliti Johor Sdn Bhd","Company","State-owned company","Utility Mapping","Utility Mapping","https://www.kuj.com.my/","Verified","https://www.kuj.com.my/about","LOC-0240"
"Kedah","Sungai Petani","ORG-0195","Jurukur Ceria Sdn Bhd","Licensed Survey Firm","Private Company","Multi-disciplinary Geomatics","Land Survey; GIS; Hydrography; Utility Mapping","https://jurukurceria.com/","Verified","https://jurukurceria.com/about-us/","LOC-0196"
"Kelantan","Kota Bharu","ORG-0196","DHM Survey Consultant Sdn Bhd","Licensed Survey Firm","Private Company","Land Survey","Land Survey","https://dhmsurveyconsultant.com/","Verified","https://dhmsurveyconsultant.com/","LOC-0197"
"Kuala Lumpur","Kuala Lumpur","ORG-0207","ACGT Sdn Bhd","Company","Private Company","Multi-disciplinary Geomatics","GIS; Remote Sensing; Drone/UAV","","Verified","https://my.jobstreet.com/geospatial-jobs/in-Malaysia","LOC-0208"
"Kuala Lumpur","Kuala Lumpur","ORG-0023","Antaragrafik Systems Sdn Bhd","Company","Private Company","GIS","GIS; Land Survey; Remote Sensing","https://www.antaragrafik.com","Verified","https://www.antaragrafik.com","LOC-0023"
"Kuala Lumpur","Kuala Lumpur","ORG-0028","Bandwork GPS Solutions Sdn Bhd","Company","Private Company","Multi-disciplinary Geomatics","Land Survey; Hydrography; Drone/UAV; Utility Mapping","https://bandwork.com.my","Verified","https://bandwork.com.my","LOC-0028"
"Kuala Lumpur","Kuala Lumpur","ORG-0043","Department of Irrigation and Drainage Malaysia (DID / JPS)","Government Agency","Government","GIS","GIS; Hydrography","https://water.gov.my","Verified","https://water.gov.my","LOC-0043"
"Kuala Lumpur","Kuala Lumpur","ORG-0001","Department of Survey and Mapping Malaysia (JUPEM)","Government Agency","Government","GIS","GIS; Land Survey","https://jupem.gov.my","Verified","https://jupem.gov.my","LOC-0001"
"Kuala Lumpur","Kuala Lumpur","ORG-0019","Dynamic Intellect Sdn Bhd","Company","Private Company","GIS","GIS","","Verified","","LOC-0019"
"Kuala Lumpur","Kuala Lumpur","ORG-0206","Easytech Services Sdn Bhd","Company","Private Company","GIS","GIS","","Verified","https://my.jobstreet.com/gis-jobs","LOC-0207"
"Kuala Lumpur","Kuala Lumpur","ORG-0048","Forestry Department Peninsular Malaysia","Government Agency","Government","GIS","GIS; Remote Sensing","https://forestry.gov.my","Verified","https://forestry.gov.my","LOC-0048"
"Kuala Lumpur","Kuala Lumpur","ORG-0216","Geoland TYY Sdn Bhd","Company","Private Company","Land Survey","Land Survey","","Verified","https://my.jobstreet.com/geospatial-jobs/in-Malaysia","LOC-0217"
"Kuala Lumpur","Kuala Lumpur","ORG-0204","ITMAX System Berhad","Company","Private Company","GIS","GIS; Land Survey; Utility Mapping","","Verified","https://my.jobstreet.com/gis-jobs","LOC-0205"
"Kuala Lumpur","Kuala Lumpur","ORG-0187","Jurukur Khoo & Mas","Licensed Survey Firm","Private Company","Land Survey","Land Survey; GIS; Hydrography","https://www.jurukurkhoomas.com.my/","Verified","https://www.jurukurkhoomas.com.my/","LOC-0188"
"Kuala Lumpur","Kuala Lumpur","ORG-0215","Jurukur Murni","Company","Private Company","Land Survey","Land Survey","","Verified","https://my.jobstreet.com/geospatial-jobs/in-Malaysia","LOC-0216"
"Kuala Lumpur","Kuala Lumpur","ORG-0053","Land Surveyors Board Malaysia (LJT)","Statutory Body","Statutory Body","Land Survey","Land Survey","https://ljt.org.my","Verified","https://ljt.org.my","LOC-0053"
"Kuala Lumpur","Kuala Lumpur","ORG-0042","Malaysian Space Agency (MYSA)","Government Agency","Government","GIS","GIS; Remote Sensing","https://mysa.gov.my","Verified","https://mysa.gov.my","LOC-0042"
"Kuala Lumpur","Kuala Lumpur","ORG-0033","NadiTek (Jaringan Nadi Teknologi Sdn Bhd)","Company","Private Company","GIS","GIS","","Verified","","LOC-0033"
"Kuala Lumpur","Kuala Lumpur","ORG-0008","OGEO Survey Sdn Bhd","Company","Private Company","Hydrography","Hydrography; Remote Sensing","","Verified","","LOC-0008"
"Kuala Lumpur","Kuala Lumpur","ORG-0022","Setia Geosolutions Sdn Bhd","Company","Private Company","Multi-disciplinary Geomatics","GIS; Land Survey; Hydrography; Remote Sensing","https://www.setiageosolutions.com","Verified","https://www.setiageosolutions.com","LOC-0022"
"Kuala Lumpur","Kuala Lumpur","ORG-0054","Sky-Shine Corporation (M) Sdn Bhd","Company","Private Company","GIS","GIS; Land Survey; Remote Sensing","https://skyshine.com.my","Verified","https://skyshine.com.my","LOC-0054"
"Melaka","Alor Gajah","ORG-0020","ACiS Technology Sdn Bhd","Company","Private Company","Unspecified","Unspecified","https://www.acistechnology.com","Partially Verified","https://www.acistechnology.com","LOC-0020"
"Negeri Sembilan","Nilai","ORG-0024","Map2u Sdn Bhd","Company","Private Company","GIS","GIS; Land Survey; Remote Sensing","https://www.map2u.com.my","Verified","https://www.map2u.com.my","LOC-0024"
"Negeri Sembilan","Nilai","ORG-0241","Spectrum Geomatic Solution Sdn Bhd","Company","Private Company","Hydrography","Land Survey; Hydrography","https://www.spectrumgeomatic.com/","Verified","https://www.spectrumgeomatic.com/","LOC-0243"
"Negeri Sembilan","Nilai","ORG-0006","Terra Drone Technology Malaysia Sdn Bhd","Company","MNC","Drone/UAV","Drone/UAV; Utility Mapping","","Verified","","LOC-0006"
"Pahang","Cameron Highlands","ORG-0214","MGB Berhad","Company","Private Company","Land Survey","Land Survey","","Verified","https://my.jobstreet.com/geospatial-jobs/in-Malaysia","LOC-0215"
"Perak","Ipoh","ORG-0239","Koridor Utiliti Darul Ridzuan Sdn Bhd (KUDR)","Company","State-owned company","Utility Mapping","GIS; Utility Mapping","https://kudr.my/","Verified","https://kudr.my/","LOC-0241"
"Putrajaya","Putrajaya","ORG-0049","Department of Agriculture Malaysia (DOA)","Government Agency","Government","GIS","GIS; Remote Sensing; Drone/UAV","https://doa.gov.my","Verified","https://doa.gov.my","LOC-0049"
"Putrajaya","Putrajaya","ORG-0047","Department of Environment Malaysia (DOE / JAS)","Government Agency","Government","GIS","GIS; Remote Sensing","https://doe.gov.my","Verified","https://doe.gov.my","LOC-0047"
"Putrajaya","Putrajaya","ORG-0044","Department of Mineral and Geoscience Malaysia (JMG)","Government Agency","Government","GIS","GIS; Remote Sensing","https://jmg.gov.my","Verified","https://jmg.gov.my","LOC-0044"
"Putrajaya","Putrajaya","ORG-0016","Inspilogix Sdn Bhd","Company","Private Company","GIS","GIS; Remote Sensing","https://inspilogix.com","Verified","https://inspilogix.com","LOC-0016"
"Putrajaya","Putrajaya","ORG-0046","National Disaster Management Agency (NADMA)","Government Agency","Government","GIS","GIS; Remote Sensing","https://nadma.gov.my","Verified","https://nadma.gov.my","LOC-0046"
"Putrajaya","Putrajaya","ORG-0002","National Geospatial Centre","Government Agency","Government","GIS","GIS","","Verified","","LOC-0002"
"Putrajaya","Putrajaya","ORG-0045","PLANMalaysia","Government Agency","Government","GIS","GIS","https://planmalaysia.gov.my","Verified","https://planmalaysia.gov.my","LOC-0045"
"Putrajaya","Putrajaya","ORG-0027","Spatialworks Sdn Bhd","Company","Private Company","GIS","GIS; Hydrography; Remote Sensing","https://spatialworks.com.my","Verified","https://spatialworks.com.my","LOC-0027"
"Sabah","Kota Kinabalu","ORG-0028","Bandwork GPS Solutions Sdn Bhd","Company","Private Company","Multi-disciplinary Geomatics","Land Survey; Hydrography; Drone/UAV; Utility Mapping","https://bandwork.com.my","Verified","https://bandwork.com.my","LOC-0110"
"Sabah","Ranau","ORG-0210","Binaan Desjaya Sdn Bhd","Company","Private Company","Land Survey","Land Survey; GIS","","Verified","https://my.jobstreet.com/geospatial-jobs/in-Malaysia","LOC-0211"
"Sabah","Kota Kinabalu","ORG-0107","Department of Irrigation and Drainage Sabah","Government Agency","Government","GIS","GIS; Hydrography","https://water.sabah.gov.my","Verified","https://water.sabah.gov.my","LOC-0107"
"Sabah","Kota Kinabalu","ORG-0102","Geocosmos Survey Consultant","Licensed Survey Firm","Unspecified","Land Survey","Land Survey","","Verified","https://web.ljs.com.my/licensed-surveyors","LOC-0102"
"Sabah","Penampang","ORG-0103","Indera Ukur Konsultan","Licensed Survey Firm","Unspecified","Land Survey","Land Survey","","Verified","https://web.ljs.com.my/licensed-surveyors","LOC-0103"
"Sabah","Kota Kinabalu","ORG-0073","Jurukur AC. Linggian","Licensed Survey Firm","Unspecified","Land Survey","Land Survey","","Verified","https://web.ljs.com.my/licensed-surveyors","LOC-0073"
"Sabah","Kota Kinabalu","ORG-0081","Jurukur Antarabangsa","Licensed Survey Firm","Unspecified","Land Survey","Land Survey","","Verified","https://web.ljs.com.my/licensed-surveyors","LOC-0081"
"Sabah","Sandakan","ORG-0067","Jurukur Asia","Licensed Survey Firm","Unspecified","Land Survey","Land Survey","","Verified","https://web.ljs.com.my/licensed-surveyors","LOC-0067"
"Sabah","Kota Kinabalu","ORG-0068","Jurukur Bakat","Licensed Survey Firm","Unspecified","Land Survey","Land Survey","","Verified","https://web.ljs.com.my/licensed-surveyors","LOC-0068"
"Sabah","Kota Kinabalu","ORG-0075","Jurukur Dhiya Suria","Licensed Survey Firm","Unspecified","Land Survey","Land Survey","","Verified","https://web.ljs.com.my/licensed-surveyors","LOC-0075"
"Sabah","Penampang","ORG-0083","Jurukur Dr. Moinin & Associates","Licensed Survey Firm","Unspecified","Land Survey","Land Survey","","Verified","https://web.ljs.com.my/licensed-surveyors","LOC-0083"
"Sabah","Kota Kinabalu","ORG-0078","Jurukur Hermis & Rakan Rakan","Licensed Survey Firm","Unspecified","Land Survey","Land Survey","","Verified","https://web.ljs.com.my/licensed-surveyors","LOC-0078"
"Sabah","Kota Kinabalu","ORG-0084","Jurukur Lee Surveys and Associate","Licensed Survey Firm","Unspecified","Land Survey","Land Survey","","Verified","https://web.ljs.com.my/licensed-surveyors","LOC-0084"
"Sabah","Penampang","ORG-0092","Jurukur Loudin & Associates","Licensed Survey Firm","Unspecified","Land Survey","Land Survey","","Verified","https://web.ljs.com.my/licensed-surveyors","LOC-0092"
"Sabah","Kota Kinabalu","ORG-0087","Jurukur Luaran & Associates","Licensed Survey Firm","Unspecified","Land Survey","Land Survey","","Verified","https://web.ljs.com.my/licensed-surveyors","LOC-0087"
"Sabah","Kota Kinabalu","ORG-0098","Jurukur Masa","Licensed Survey Firm","Unspecified","Land Survey","Land Survey","","Verified","https://web.ljs.com.my/licensed-surveyors","LOC-0098"
"Sabah","Kota Kinabalu","ORG-0089","Jurukur MYA","Licensed Survey Firm","Unspecified","Land Survey","Land Survey","","Verified","https://web.ljs.com.my/licensed-surveyors","LOC-0089"
"Sabah","Kota Kinabalu","ORG-0088","Jurukur Professional","Licensed Survey Firm","Unspecified","Land Survey","Land Survey","","Verified","https://web.ljs.com.my/licensed-surveyors","LOC-0088"
"Sabah","Sandakan","ORG-0095","Jurukur Saat D","Licensed Survey Firm","Unspecified","Land Survey","Land Survey","","Verified","https://web.ljs.com.my/licensed-surveyors","LOC-0095"
"Sabah","Kota Kinabalu","ORG-0082","Jurukur Sii Sdn Bhd","Licensed Survey Firm","Unspecified","Land Survey","Land Survey","","Verified","https://web.ljs.com.my/licensed-surveyors","LOC-0082"
"Sabah","Kota Kinabalu","ORG-0077","Jurukur Sinaran","Licensed Survey Firm","Unspecified","Land Survey","Land Survey","","Verified","https://web.ljs.com.my/licensed-surveyors","LOC-0077"
"Sabah","Kota Kinabalu","ORG-0100","Jurukur Swasta","Licensed Survey Firm","Unspecified","Land Survey","Land Survey","","Verified","https://web.ljs.com.my/licensed-surveyors","LOC-0100"
"Sabah","Kota Kinabalu","ORG-0072","Jurukur Tempatan Sdn Bhd","Licensed Survey Firm","Unspecified","Land Survey","Land Survey","","Verified","https://web.ljs.com.my/licensed-surveyors","LOC-0072"
"Sabah","Kota Kinabalu","ORG-0090","Jurukur Terrafirma PLT","Licensed Survey Firm","Unspecified","Land Survey","Land Survey","","Verified","https://web.ljs.com.my/licensed-surveyors","LOC-0090"
"Sabah","Penampang","ORG-0069","Jurukur TN Wong Sdn Bhd","Licensed Survey Firm","Unspecified","Land Survey","Land Survey","","Verified","https://web.ljs.com.my/licensed-surveyors","LOC-0069"
"Sabah","Kota Kinabalu","ORG-0071","Jurukur Vitus Tan & Associates","Licensed Survey Firm","Unspecified","Land Survey","Land Survey","","Verified","https://web.ljs.com.my/licensed-surveyors","LOC-0071"
"Sabah","Kota Kinabalu","ORG-0093","Jurukur Wahap","Licensed Survey Firm","Unspecified","Land Survey","Land Survey","","Verified","https://web.ljs.com.my/licensed-surveyors","LOC-0093"
"Sabah","Tawau","ORG-0070","Juruukur Anugerah","Licensed Survey Firm","Unspecified","Land Survey","Land Survey","","Verified","https://web.ljs.com.my/licensed-surveyors","LOC-0070"
"Sabah","Kota Kinabalu","ORG-0097","Juruukur Bernard Liew & Associates","Licensed Survey Firm","Unspecified","Land Survey","Land Survey","","Verified","https://web.ljs.com.my/licensed-surveyors","LOC-0097"
"Sabah","Kota Kinabalu","ORG-0079","Juruukur Robert Cheng & Associates","Licensed Survey Firm","Unspecified","Land Survey","Land Survey","","Verified","https://web.ljs.com.my/licensed-surveyors","LOC-0079"
"Sabah","Kota Kinabalu","ORG-0076","Juruukur Wahdah","Licensed Survey Firm","Unspecified","Land Survey","Land Survey","","Verified","https://web.ljs.com.my/licensed-surveyors","LOC-0076"
"Sabah","Kota Kinabalu","ORG-0104","Lands and Surveys Department Sabah","Government Agency","Government","GIS","GIS; Land Survey","https://jtu.sabah.gov.my","Verified","https://jtu.sabah.gov.my","LOC-0104"
"Sabah","Penampang","ORG-0074","Mojigoh Surveying Consultants Sdn Bhd","Licensed Survey Firm","Unspecified","Land Survey","Land Survey","","Verified","https://web.ljs.com.my/licensed-surveyors","LOC-0074"
"Sabah","Kota Kinabalu","ORG-0091","Perunding Ukur Sabah","Licensed Survey Firm","Unspecified","Land Survey","Land Survey","","Verified","https://web.ljs.com.my/licensed-surveyors","LOC-0091"
"Sabah","Kota Kinabalu","ORG-0096","Perunding Ukur Utama","Licensed Survey Firm","Unspecified","Land Survey","Land Survey","","Verified","https://web.ljs.com.my/licensed-surveyors","LOC-0096"
"Sabah","Kota Kinabalu","ORG-0086","Perunding Ukur Zakaria","Licensed Survey Firm","Unspecified","Land Survey","Land Survey","","Verified","https://web.ljs.com.my/licensed-surveyors","LOC-0086"
"Sabah","Kota Kinabalu","ORG-0085","Platinum Survey Consultant","Licensed Survey Firm","Unspecified","Land Survey","Land Survey","","Verified","https://web.ljs.com.my/licensed-surveyors","LOC-0085"
"Sabah","Kota Kinabalu","ORG-0094","Radian Geomatics PLT","Licensed Survey Firm","Unspecified","Land Survey","Land Survey","","Verified","https://web.ljs.com.my/licensed-surveyors","LOC-0094"
"Sabah","Kota Kinabalu","ORG-0109","Sabah Biodiversity Centre","Government Agency","Government","GIS","GIS; Remote Sensing","https://sabc.sabah.gov.my","Verified","https://sabc.sabah.gov.my","LOC-0109"
"Sabah","Sandakan","ORG-0105","Sabah Forestry Department","Government Agency","Government","GIS","GIS; Remote Sensing","https://forest.sabah.gov.my","Verified","https://forest.sabah.gov.my","LOC-0105"
"Sabah","Kota Kinabalu","ORG-0108","Sabah Parks","Government Agency","Government","GIS","GIS; Remote Sensing","https://sabahparks.org.my","Verified","https://sabahparks.org.my","LOC-0108"
"Sabah","Kota Kinabalu","ORG-0101","Sejagat Survey Consultant","Licensed Survey Firm","Unspecified","Land Survey","Land Survey","","Verified","https://web.ljs.com.my/licensed-surveyors","LOC-0101"
"Sabah","Kota Kinabalu","ORG-0080","Smart Survey Consultant","Licensed Survey Firm","Unspecified","Land Survey","Land Survey","","Verified","https://web.ljs.com.my/licensed-surveyors","LOC-0080"
"Sabah","Kota Kinabalu","ORG-0106","Town and Regional Planning Department Sabah","Government Agency","Government","GIS","GIS","https://trpd.sabah.gov.my","Verified","https://trpd.sabah.gov.my","LOC-0106"
"Sabah","Kota Kinabalu","ORG-0099","Wah King Tze & Rakan","Licensed Survey Firm","Unspecified","Land Survey","Land Survey","","Verified","https://web.ljs.com.my/licensed-surveyors","LOC-0099"
"Sarawak","Kuching","ORG-0110","ACE Geomatics Sdn. Bhd.","Licensed Survey Firm","Unspecified","Land Survey","Land Survey","","Verified","https://acls.my/members","LOC-0111"
"Sarawak","Kuching","ORG-0111","AD. Lulu Survey Consultant","Licensed Survey Firm","Unspecified","Land Survey","Land Survey","","Verified","https://acls.my/members","LOC-0112"
"Sarawak","Kuching","ORG-0112","Alpha Survey Consultant","Licensed Survey Firm","Unspecified","Land Survey","Land Survey","","Verified","https://acls.my/members","LOC-0113"
"Sarawak","Kuching","ORG-0113","Apex Survey Consultants Sdn. Bhd.","Licensed Survey Firm","Unspecified","Land Survey","Land Survey","","Verified","https://acls.my/members","LOC-0114"
"Sarawak","Kuching","ORG-0114","Ark Geomatics Consultant","Licensed Survey Firm","Unspecified","Land Survey","Land Survey","","Verified","https://acls.my/members","LOC-0115"
"Sarawak","Bintulu","ORG-0115","Azam Dinamik Survey","Licensed Survey Firm","Unspecified","Land Survey","Land Survey","","Verified","https://acls.my/members","LOC-0116"
"Sarawak","Kuching","ORG-0116","Blessed Earth Survey Services","Licensed Survey Firm","Unspecified","Land Survey","Land Survey","","Verified","https://acls.my/members","LOC-0117"
"Sarawak","Kuching","ORG-0117","Borders Survey Consultant Sdn. Bhd.","Licensed Survey Firm","Unspecified","Land Survey","Land Survey","","Verified","https://acls.my/members","LOC-0118"
"Sarawak","Kuching","ORG-0118","Bormap Surveys Sdn. Bhd.","Licensed Survey Firm","Unspecified","Land Survey","Land Survey","","Verified","https://acls.my/members","LOC-0119"
"Sarawak","Kuching","ORG-0151","Forest Department Sarawak","Government Agency","Government","GIS","GIS; Remote Sensing","https://forestry.sarawak.gov.my","Verified","https://forestry.sarawak.gov.my","LOC-0152"
"Sarawak","Kuching","ORG-0119","Geomatics Survey Consultants","Licensed Survey Firm","Unspecified","Land Survey","Land Survey","","Verified","https://acls.my/members","LOC-0120"
"Sarawak","Kuching","ORG-0120","Geosurvey Consultant","Licensed Survey Firm","Unspecified","Land Survey","Land Survey","","Verified","https://acls.my/members","LOC-0121"
"Sarawak","Kuching","ORG-0121","Global Survey Services","Licensed Survey Firm","Unspecified","Land Survey","Land Survey","","Verified","https://acls.my/members","LOC-0122"
"Sarawak","Kuching","ORG-0122","J.C Survey Services","Licensed Survey Firm","Unspecified","Land Survey","Land Survey","","Verified","https://acls.my/members","LOC-0123"
"Sarawak","Kuching","ORG-0130","Juru Survei Konsult","Licensed Survey Firm","Unspecified","Land Survey","Land Survey","","Verified","https://acls.my/members","LOC-0131"
"Sarawak","Kuching","ORG-0131","Juru Survei Mas Gading","Licensed Survey Firm","Unspecified","Land Survey","Land Survey","","Verified","https://acls.my/members","LOC-0132"
"Sarawak","Kuching","ORG-0123","Jurukon Malaysia","Licensed Survey Firm","Unspecified","Land Survey","Land Survey","","Verified","https://acls.my/members","LOC-0124"
"Sarawak","Mukah","ORG-0124","Jurukur Awang","Licensed Survey Firm","Unspecified","Land Survey","Land Survey","","Verified","https://acls.my/members","LOC-0125"
"Sarawak","Kuching","ORG-0125","Jurukur Jaya","Licensed Survey Firm","Unspecified","Land Survey","Land Survey","","Verified","https://acls.my/members","LOC-0126"
"Sarawak","Kuching","ORG-0126","Jurukur Maju Jaya","Licensed Survey Firm","Unspecified","Land Survey","Land Survey","","Verified","https://acls.my/members","LOC-0127"
"Sarawak","Kuching","ORG-0127","Jurukur Metra","Licensed Survey Firm","Unspecified","Land Survey","Land Survey","","Verified","https://acls.my/members","LOC-0128"
"Sarawak","Kota Samarahan","ORG-0128","Jurukur Perkasa Sdn. Bhd.","Licensed Survey Firm","Unspecified","Land Survey","Land Survey","","Verified","https://acls.my/members","LOC-0129"
"Sarawak","Kuching","ORG-0129","Jurukur Ramdan","Licensed Survey Firm","Unspecified","Land Survey","Land Survey","","Verified","https://acls.my/members","LOC-0130"
"Sarawak","Kuching","ORG-0132","Juruukur Prima","Licensed Survey Firm","Unspecified","Land Survey","Land Survey","","Verified","https://acls.my/members","LOC-0133"
"Sarawak","Kuching","ORG-0150","Land and Survey Department Sarawak","Government Agency","Government","GIS","GIS; Land Survey; Remote Sensing","https://landsurvey.sarawak.gov.my","Verified","https://landsurvey.sarawak.gov.my","LOC-0151"
"Sarawak","Kuching","ORG-0133","LS Survey Consultant Sdn. Bhd.","Licensed Survey Firm","Unspecified","Land Survey","Land Survey","","Verified","https://acls.my/members","LOC-0134"
"Sarawak","Kuching","ORG-0154","Ministry of Utility and Telecommunication Sarawak","Government Agency","Government","GIS","GIS; Utility Mapping","https://mut.sarawak.gov.my","Verified","https://mut.sarawak.gov.my","LOC-0155"
"Sarawak","Kuching","ORG-0153","Natural Resources and Environment Board Sarawak (NREB)","Statutory Body","Statutory Body","GIS","GIS; Remote Sensing","https://nreb.sarawak.gov.my","Verified","https://nreb.sarawak.gov.my","LOC-0154"
"Sarawak","Kuching","ORG-0135","Perunding Survei TS","Licensed Survey Firm","Unspecified","Land Survey","Land Survey","","Verified","https://acls.my/members","LOC-0136"
"Sarawak","Kuching","ORG-0136","Perunding Ukurtanah Watan","Licensed Survey Firm","Unspecified","Land Survey","Land Survey","","Verified","https://acls.my/members","LOC-0137"
"Sarawak","Sibu","ORG-0134","PS Survey Consultant","Licensed Survey Firm","Unspecified","Land Survey","Land Survey","","Verified","https://acls.my/members","LOC-0135"
"Sarawak","Kuching","ORG-0152","Public Works Department Sarawak","Government Agency","Government","GIS","GIS; Land Survey; Remote Sensing","https://jkr.sarawak.gov.my","Verified","https://jkr.sarawak.gov.my","LOC-0153"
"Sarawak","Miri","ORG-0137","Putra Geomatics Survey","Licensed Survey Firm","Unspecified","Land Survey","Land Survey","","Verified","https://acls.my/members","LOC-0138"
"Sarawak","Kuching","ORG-0138","Resources Surveys Services","Licensed Survey Firm","Unspecified","Land Survey","Land Survey","","Verified","https://acls.my/members","LOC-0139"
"Sarawak","Kuching","ORG-0139","Saland Survey Services","Licensed Survey Firm","Unspecified","Land Survey","Land Survey","","Verified","https://acls.my/members","LOC-0140"
"Sarawak","Kuching","ORG-0156","Sarawak Energy Berhad","GLC","GLC","GIS","GIS; Remote Sensing; Utility Mapping","https://sarawakenergy.com","Verified","https://sarawakenergy.com","LOC-0157"
"Sarawak","Kuching","ORG-0155","Sarawak Information Systems Sdn Bhd (SAINS)","GLC","GLC","GIS","GIS","https://sains.com.my","Verified","https://sains.com.my","LOC-0156"
"Sarawak","Kuching","ORG-0140","Survey Development Services","Licensed Survey Firm","Unspecified","Land Survey","Land Survey","","Verified","https://acls.my/members","LOC-0141"
"Sarawak","Kuching","ORG-0141","Survey Solutions","Licensed Survey Firm","Unspecified","Land Survey","Land Survey","","Verified","https://acls.my/members","LOC-0142"
"Sarawak","Kuching","ORG-0142","Terra Survey Services","Licensed Survey Firm","Unspecified","Land Survey","Land Survey","","Verified","https://acls.my/members","LOC-0143"
"Sarawak","Kuching","ORG-0143","Total Survey Consultant","Licensed Survey Firm","Unspecified","Land Survey","Land Survey","","Verified","https://acls.my/members","LOC-0144"
"Sarawak","Kuching","ORG-0144","Ukurancang Perunding Sdn. Bhd.","Licensed Survey Firm","Unspecified","Land Survey","Land Survey","","Verified","https://acls.my/members","LOC-0145"
"Sarawak","Kuching","ORG-0145","Ukurunding Kenyalang Sdn. Bhd.","Licensed Survey Firm","Unspecified","Land Survey","Land Survey","","Verified","https://acls.my/members","LOC-0146"
"Sarawak","Kuching","ORG-0146","United Survey Consultants Sdn. Bhd.","Licensed Survey Firm","Unspecified","Land Survey","Land Survey","","Verified","https://acls.my/members","LOC-0147"
"Sarawak","Kuching","ORG-0148","W.L.S. Survey Services","Licensed Survey Firm","Unspecified","Land Survey","Land Survey","","Verified","https://acls.my/members","LOC-0149"
"Sarawak","Kuching","ORG-0147","Wann Geometics Survey","Licensed Survey Firm","Unspecified","Land Survey","Land Survey","","Verified","https://acls.my/members","LOC-0148"
"Sarawak","Kuching","ORG-0149","X.Y.Z. Surveys","Licensed Survey Firm","Unspecified","Land Survey","Land Survey","","Verified","https://acls.my/members","LOC-0150"
"Selangor","Cyberjaya","ORG-0005","Aerodyne Geospatial Sdn Bhd","Company","Private Company","Remote Sensing","Remote Sensing; Drone/UAV; Utility Mapping","","Verified","","LOC-0005"
"Selangor","Subang Jaya","ORG-0240","AllTerra (M) Sdn Bhd","Company","Private Company","Multi-disciplinary Geomatics","GIS; Land Survey; Remote Sensing; Utility Mapping","https://allterra.com.my/","Verified","https://allterra.com.my/about-us","LOC-0242"
"Selangor","Subang Jaya","ORG-0007","Aonic","Company","Private Company","Drone/UAV","Drone/UAV; Utility Mapping","","Verified","","LOC-0007"
"Selangor","Petaling Jaya","ORG-0208","Applied Agricultural Resources Sdn Bhd","Company","Private Company","Multi-disciplinary Geomatics","GIS; Remote Sensing; Drone/UAV","","Verified","https://my.jobstreet.com/geospatial-jobs/in-Malaysia","LOC-0209"
"Selangor","Shah Alam","ORG-0012","Artanis Cloud Sdn Bhd","Company","Private Company","GIS","GIS; Remote Sensing","https://www.artaniscloud.com","Verified","https://www.artaniscloud.com","LOC-0012"
"Selangor","Petaling Jaya","ORG-0205","Aurecon Malaysia","Company","MNC","GIS","GIS; Remote Sensing","https://www.aurecongroup.com/","Verified","https://www.linkedin.com/jobs/view/geospatial-analyst-at-aurecon-4299070800?_l=en","LOC-0206"
"Selangor","Shah Alam","ORG-0015","Comcentric Solutions Sdn Bhd","Company","Private Company","GIS","GIS; Utility Mapping","https://comcentric.com.my","Verified","https://comcentric.com.my","LOC-0015"
"Selangor","Petaling Jaya","ORG-0004","Esri Malaysia Sdn Bhd","Company","Private Company","GIS","GIS","","Verified","","LOC-0004"
"Selangor","Shah Alam","ORG-0203","Gas Malaysia Distribution Sdn Bhd","Company","Private Company","GIS","GIS; Utility Mapping","","Verified","https://my.jobstreet.com/gis-jobs","LOC-0204"
"Selangor","Bandar Baru Bangi","ORG-0057","Geomapping Technology Sdn Bhd","Company","Private Company","GIS","GIS; Remote Sensing; Drone/UAV","https://gmtgeos.com","Verified","https://gmtgeos.com","LOC-0057"
"Selangor","Subang Jaya","ORG-0242","Geomatic Solutions Sdn Bhd","Company","Private Company","Utility Mapping","GIS; Land Survey; Utility Mapping","https://www.geomatic.com.my/","Verified","https://www.geomatic.com.my/contact","LOC-0244"
"Selangor","Petaling Jaya","ORG-0010","GIS Innovation Sdn Bhd","Company","Private Company","GIS","GIS","https://www.gis.com.my","Verified","https://www.gis.com.my","LOC-0010"
"Selangor","Subang Jaya","ORG-0055","GPS Lands (M) Sdn Bhd","Company","Private Company","Multi-disciplinary Geomatics","GIS; Land Survey; Remote Sensing; Drone/UAV; Utility Mapping","https://gpslands.com.my","Verified","https://gpslands.com.my/contact-us/","LOC-0055"
"Selangor","Petaling Jaya","ORG-0017","Ground Data Solutions R&D Sdn Bhd (GDS)","Company","Private Company","Multi-disciplinary Geomatics","GIS; Hydrography; Remote Sensing; Utility Mapping","https://www.grounddatasolutions.com","Verified","https://www.grounddatasolutions.com","LOC-0017"
"Selangor","Klang","ORG-0009","Hydro Mappers Sdn Bhd","Company","Private Company","Land Survey","Land Survey; Hydrography","","Verified","","LOC-0009"
"Selangor","Selangor","ORG-0062","Integrated GeoPlanning Sdn Bhd","Company","Private Company","GIS","GIS; Remote Sensing; Drone/UAV","https://geoplanning.com.my","Verified","https://geoplanning.com.my","LOC-0062"
"Selangor","Puchong","ORG-0188","JP Surveys Sdn Bhd","Licensed Survey Firm","Private Company","Multi-disciplinary Geomatics","Land Survey; GIS; Hydrography","https://jpsurveys.com/","Verified","https://jpsurveys.com/","LOC-0189"
"Selangor","","ORG-0185","Jurukur Generasi","Licensed Survey Firm","Private Company","Land Survey","Land Survey; GIS; Hydrography","https://generasi.com.my/","Verified","https://generasi.com.my/","LOC-0186"
"Selangor","","ORG-0186","Jurukur Mentari Sdn Bhd","Licensed Survey Firm","Private Company","Land Survey","Land Survey","https://www.jurukurmentari.com/","Verified","https://www.jurukurmentari.com/","LOC-0187"
"Selangor","Shah Alam","ORG-0237","Koridor Utiliti Selangor Sdn Bhd (KUSEL)","Company","State-owned company","GIS","GIS; Utility Mapping","https://www.kusel.my/","Verified","https://www.kusel.my/","LOC-0239"
"Selangor","Petaling Jaya","ORG-0050","Malaysian Meteorological Department (METMalaysia)","Government Agency","Government","GIS","GIS; Remote Sensing","https://met.gov.my","Verified","https://met.gov.my","LOC-0050"
"Selangor","Kajang","ORG-0052","Malaysian Palm Oil Board (MPOB)","Statutory Body","Statutory Body","GIS","GIS; Remote Sensing; Drone/UAV","https://mpob.gov.my","Verified","https://mpob.gov.my","LOC-0052"
"Selangor","Petaling Jaya","ORG-0018","MNJ Teras Sdn Bhd","Company","Private Company","GIS","GIS","https://mnjteras.my","Verified","https://mnjteras.my","LOC-0018"
"Selangor","Shah Alam","ORG-0213","MOSAR Consult Sdn Bhd","Company","Private Company","GIS","GIS","","Verified","https://my.jobstreet.com/Esri-jobs/in-Malaysia","LOC-0214"
"Selangor","Seri Kembangan","ORG-0051","National Water Research Institute of Malaysia (NAHRIM)","Government Agency","Government","GIS","GIS; Hydrography; Remote Sensing","https://nahrim.gov.my","Verified","https://nahrim.gov.my","LOC-0051"
"Selangor","Shah Alam","ORG-0243","Nautical Solution Sdn Bhd","Company","Private Company","Hydrography","Land Survey; Hydrography","https://nauticalsolution.com.my/","Verified","https://nauticalsolution.com.my/about-us","LOC-0245"
"Selangor","Kajang","ORG-0212","NRI Holdings Sdn Bhd","Company","Private Company","Drone/UAV","Drone/UAV; Remote Sensing","","Verified","https://my.jobstreet.com/geospatial-jobs/in-Malaysia","LOC-0213"
"Selangor","Shah Alam","ORG-0011","NSC Globaltech Sdn Bhd","Company","Private Company","GIS","GIS","https://www.nscgroups.com","Verified","https://www.nscgroups.com","LOC-0011"
"Selangor","Ampang","ORG-0021","Plisca (M) Sdn Bhd","Company","Private Company","GIS","GIS; Land Survey","https://plisca.com.my","Verified","https://plisca.com.my","LOC-0021"
"Selangor","Port Klang","ORG-0003","Pusat Hidrografi Nasional","Government Agency","Government","Hydrography","Hydrography","","Verified","","LOC-0003"
"Selangor","Cyberjaya","ORG-0064","Satlid Solution","Company","Private Company","GIS","GIS; Land Survey; Remote Sensing","https://satlid.com.my","Verified","https://satlid.com.my","LOC-0064"
"Selangor","Petaling Jaya","ORG-0014","Strato Solutions Sdn Bhd","Company","Private Company","GIS","GIS; Remote Sensing; Utility Mapping","https://www.stratosolutions.com.my","Verified","https://www.stratosolutions.com.my","LOC-0014"
"Selangor","Shah Alam","ORG-0061","TAC Mapping Sdn Bhd","Company","Private Company","GIS","GIS; Land Survey; Remote Sensing","https://tacmapping.com.my","Verified","https://tacmapping.com.my","LOC-0061"
"Selangor","Kajang","ORG-0063","THS Geoscience Sdn Bhd","Company","Private Company","GIS","GIS; Hydrography","https://thsgeoscience.com","Verified","https://thsgeoscience.com","LOC-0063"
"Selangor","Petaling Jaya","ORG-0013","Tresdata Sdn Bhd","Company","Private Company","GIS","GIS; Hydrography; Remote Sensing","","Verified","","LOC-0013"