"Evidence_ID","Organization_ID","Organization","Evidence_Type","Evidence_Status","Source_Title","Source_URL","Observed_On","Country","Notes"
"EVD-0001","ORG-0185","Jurukur Generasi","Licence / practice evidence","Current directory/site evidence","Official company practice information","https://generasi.com.my/","2026-07-19","Malaysia","Active licensed practice; land, cadastral, engineering, GPS/topographic and hydrographic services."
"EVD-0002","ORG-0186","Jurukur Mentari Sdn Bhd","Licence / practice evidence","Current directory/site evidence","Official company practice information","https://www.jurukurmentari.com/","2026-07-19","Malaysia","Active licensed land-survey practice serving the Klang Valley."
"EVD-0003","ORG-0187","Jurukur Khoo & Mas","Licence / practice evidence","Current directory/site evidence","Official company practice information","https://www.jurukurkhoomas.com.my/","2026-07-19","Malaysia","Active professional practice formed by the 2023 merger of Jurukur Mas and Jurukur Khoo; group services include mapping and hydrography."
"EVD-0004","ORG-0188","JP Surveys Sdn Bhd","Licence / practice evidence","Current directory/site evidence","Official company practice information","https://jpsurveys.com/","2026-07-19","Malaysia","Malaysia provider operating since 1974 across land survey, hydrography and geospatial services."
"EVD-0005","ORG-0189","Studioukur Geomatics Sdn Bhd","Licence / practice evidence","Current directory/site evidence","Land Surveyors Board Malaysia practice directory","https://www.ljt.org.my/search-surveyors/practices/STUDIOUKUR%20GEOMATICS%20SDN%20BHD","2026-07-19","Malaysia","Current practice entry in the Land Surveyors Board Malaysia directory."
"EVD-0006","ORG-0190","AA Geomatics and Survey Consultant","Licence / practice evidence","Current directory/site evidence","Land Surveyors Board Malaysia practice directory","https://www.ljt.org.my/search-surveyors/practices/AA%20GEOMATICS%20AND%20SURVEY%20CONSULTANT","2026-07-19","Malaysia","Current practice entry in the Land Surveyors Board Malaysia directory."
"EVD-0007","ORG-0191","Perunding Ukur Ara","Licence / practice evidence","Current directory/site evidence","Land Surveyors Board Malaysia practice directory","https://www.ljt.org.my/search-surveyors/practices/PERUNDING%20UKUR%20ARA","2026-07-19","Malaysia","Current practice entry in the Land Surveyors Board Malaysia directory."
"EVD-0008","ORG-0192","Perunding Ukur Ridhwan","Licence / practice evidence","Current directory/site evidence","Land Surveyors Board Malaysia practice directory","https://www.ljt.org.my/search-surveyors/practices/PERUNDING%20UKUR%20RIDHWAN","2026-07-19","Malaysia","Current practice entry in the Land Surveyors Board Malaysia directory."
"EVD-0009","ORG-0193","Perunding Ukur Juara","Licence / practice evidence","Current directory/site evidence","Land Surveyors Board Malaysia practice directory","https://www.ljt.org.my/search-surveyors/practices/PERUNDING%20UKUR%20JUARA","2026-07-19","Malaysia","Current practice entry in the Land Surveyors Board Malaysia directory."
"EVD-0010","ORG-0194","JDinar Geomatics Sdn Bhd","Licence / practice evidence","Current directory/site evidence","Land Surveyors Board Malaysia practice directory","https://www.ljt.org.my/search-surveyors/practices/JDINAR%20GEOMATICS%20SDN%20BHD","2026-07-19","Malaysia","Current practice entry in the Land Surveyors Board Malaysia directory."
"EVD-0011","ORG-0195","Jurukur Ceria Sdn Bhd","Licence / practice evidence","Current directory/site evidence","Official company practice information","https://jurukurceria.com/about-us/","2026-07-19","Malaysia","Active licensed practice offering land, GIS, utility and hydrographic services."
"EVD-0012","ORG-0196","DHM Survey Consultant Sdn Bhd","Licence / practice evidence","Current directory/site evidence","Official company practice information","https://dhmsurveyconsultant.com/","2026-07-19","Malaysia","Active Kota Bharu licensed practice; public site identifies LJT registration 543."
"EVD-0013","ORG-0197","ABGeo (M) Sdn Bhd","Licence / practice evidence","Current directory/site evidence","Official company practice information","https://abgeomatique.com.my/index.php?act=details&ref=12&type=team","2026-07-19","Malaysia","Active surveying and geomatics practice led by licensed land surveyors."
"EVD-0014","ORG-0198","Juruukur Permai","Licence / practice evidence","Current directory/site evidence","Official company practice information","https://www.juruukurpermai.com/about-us","2026-07-19","Malaysia","Active LJT-registered practice (public site states registration 418) with cadastral, engineering and GIS services."
"EVD-0015","ORG-0199","Jurukur Perunding Services Sdn Bhd","Licence / practice evidence","Current directory/site evidence","Land Surveyors Board Malaysia practice directory","https://www.ljt.org.my/search-surveyors-prt/practices/JURUKUR%20PERUNDING%20SERVICES%20SDN%20BHD","2026-07-19","Malaysia","Current practice entry in the Land Surveyors Board Malaysia directory."
"EVD-0016","ORG-0200","MK Survey Sdn Bhd","Licence / practice evidence","Current directory/site evidence","Land Surveyors Board Malaysia practice directory","https://www.ljt.org.my/search-surveyors/practices","2026-07-19","Malaysia","Named as a current practice in the Land Surveyors Board Malaysia directory."
"EVD-0017","ORG-0201","Abdullah Taha Surveyors Sdn Bhd","Licence / practice evidence","Current directory/site evidence","Land Surveyors Board Malaysia practice directory","https://www.ljt.org.my/search-surveyors/practices","2026-07-19","Malaysia","Named as a current practice in the Land Surveyors Board Malaysia directory."
"EVD-0018","ORG-0202","ABS Ukur","Licence / practice evidence","Current directory/site evidence","Land Surveyors Board Malaysia practice directory","https://www.ljt.org.my/search-surveyors/practices","2026-07-19","Malaysia","Named as a current practice in the Land Surveyors Board Malaysia directory."
"EVD-0019","ORG-0203","Gas Malaysia Distribution Sdn Bhd","Current hiring evidence","Active/Recent","Current job-platform listing/search result","https://my.jobstreet.com/gis-jobs","2026-07-19","Malaysia","Current GIS hiring signal for pipeline and utility mapping."
"EVD-0020","ORG-0204","ITMAX System Berhad","Current hiring evidence","Active/Recent","Current job-platform listing/search result","https://my.jobstreet.com/gis-jobs","2026-07-19","Malaysia","Current Senior GIS Analyst hiring signal using QGIS, AutoCAD and geomatics skills."
"EVD-0021","ORG-0205","Aurecon Malaysia","Current hiring evidence","Active/Recent","Current job-platform listing/search result","https://www.linkedin.com/jobs/view/geospatial-analyst-at-aurecon-4299070800?_l=en","2026-07-19","Malaysia","Current Petaling Jaya Geospatial Analyst hiring signal."
"EVD-0022","ORG-0206","Easytech Services Sdn Bhd","Current hiring evidence","Active/Recent","Current job-platform listing/search result","https://my.jobstreet.com/gis-jobs","2026-07-19","Malaysia","Current GIS Data Annotator hiring signal using ArcGIS/QGIS and POI data."
"EVD-0023","ORG-0207","ACGT Sdn Bhd","Current hiring evidence","Active/Recent","Current job-platform listing/search result","https://my.jobstreet.com/geospatial-jobs/in-Malaysia","2026-07-19","Malaysia","Current geospatial and UAV hiring signals supporting precision agriculture."
"EVD-0024","ORG-0208","Applied Agricultural Resources Sdn Bhd","Current hiring evidence","Active/Recent","Current job-platform listing/search result","https://my.jobstreet.com/geospatial-jobs/in-Malaysia","2026-07-19","Malaysia","Current Geospatial Engineer graduate research hiring signal."
"EVD-0025","ORG-0209","Mogul Pte Ltd","Current hiring evidence","Active/Recent","Current job-platform listing/search result","https://my.jobstreet.com/geospatial-jobs/in-Malaysia","2026-07-19","Singapore","Singapore company advertising a remote-from-Kuala-Lumpur GIS business-development role."
"EVD-0026","ORG-0210","Binaan Desjaya Sdn Bhd","Current hiring evidence","Active/Recent","Current job-platform listing/search result","https://my.jobstreet.com/geospatial-jobs/in-Malaysia","2026-07-19","Malaysia","Current Ranau land-surveyor hiring signal requiring GPS/GIS/CAD."
"EVD-0027","ORG-0211","Infinity RC Builder Sdn Bhd","Current hiring evidence","Active/Recent","Current job-platform listing/search result","https://my.jobstreet.com/geospatial-jobs/in-Malaysia","2026-07-19","Malaysia","Current Assistant Surveyor hiring signal in Johor Bahru."
"EVD-0028","ORG-0212","NRI Holdings Sdn Bhd","Current hiring evidence","Active/Recent","Current job-platform listing/search result","https://my.jobstreet.com/geospatial-jobs/in-Malaysia","2026-07-19","Malaysia","Current Junior Drone Pilot hiring signal in the Kajang/Bangi/Serdang area."
"EVD-0029","ORG-0213","MOSAR Consult Sdn Bhd","Current hiring evidence","Active/Recent","Current job-platform listing/search result","https://my.jobstreet.com/Esri-jobs/in-Malaysia","2026-07-19","Malaysia","Current GIS Executive hiring signal in Shah Alam."
"EVD-0030","ORG-0214","MGB Berhad","Current hiring evidence","Active/Recent","Current job-platform listing/search result","https://my.jobstreet.com/geospatial-jobs/in-Malaysia","2026-07-19","Malaysia","Current Site Surveyor hiring signal in Cameron Highlands."
"EVD-0031","ORG-0215","Jurukur Murni","Current hiring evidence","Active/Recent","Current job-platform listing/search result","https://my.jobstreet.com/geospatial-jobs/in-Malaysia","2026-07-19","Malaysia","Current Assistant Land Surveyor hiring signal."
"EVD-0032","ORG-0216","Geoland TYY Sdn Bhd","Current hiring evidence","Active/Recent","Current job-platform listing/search result","https://my.jobstreet.com/geospatial-jobs/in-Malaysia","2026-07-19","Malaysia","Current Land Surveyor hiring signal in Kuala Lumpur."
"EVD-0033","ORG-0217","HTX Singapore","Current hiring evidence","Active/Recent","Current job-platform listing/search result","https://my.linkedin.com/jobs/gis-jobs-nusa-jaya","2026-07-19","Singapore","Current geospatial development role in Singapore government technology."
"EVD-0034","ORG-0218","Land Transport Authority Singapore","Current hiring evidence","Active/Recent","Current job-platform listing/search result","https://my.linkedin.com/jobs/gis-jobs-nusa-jaya","2026-07-19","Singapore","Current GIS Analyst / Spatial Data Specialist hiring signal."
"EVD-0035","ORG-0219","Activate Interactive Pte Ltd","Current hiring evidence","Active/Recent","Current job-platform listing/search result","https://my.linkedin.com/jobs/gis-jobs-nusa-jaya","2026-07-19","Singapore","Current Senior Software Engineer – GIS hiring signal."
"EVD-0036","ORG-0220","Tata Consultancy Services Singapore","Current hiring evidence","Active/Recent","Current job-platform listing/search result","https://my.linkedin.com/jobs/gis-jobs-nusa-jaya","2026-07-19","Singapore","Current GIS Developer hiring signal in Singapore."
"EVD-0037","ORG-0221","Urban Redevelopment Authority Singapore","Current hiring evidence","Active/Recent","Current job-platform listing/search result","https://my.linkedin.com/jobs/gis-jobs-nusa-jaya","2026-07-19","Singapore","Current Systems Analyst (Geospatial Engineer) hiring signal."
"EVD-0038","ORG-0222","National University of Singapore","Current hiring evidence","Active/Recent","Current job-platform listing/search result","https://my.linkedin.com/jobs/gis-jobs-nusa-jaya","2026-07-19","Singapore","Current land-use optimization research hiring signal."
"EVD-0039","ORG-0223","MINDEF Singapore","Current hiring evidence","Active/Recent","Current job-platform listing/search result","https://my.linkedin.com/jobs/gis-jobs-nusa-jaya","2026-07-19","Singapore","Current 3D model and production geospatial hiring signal."
"EVD-0040","ORG-0224","Absolute Clean Energy Public Company Limited","Current hiring evidence","Active/Recent","Current job-platform listing/search result","https://th.jobsdb.com/gis-jobs","2026-07-19","Thailand","Current GIS Analyst role for spatial analysis and land/site development."
"EVD-0041","ORG-0225","Trigyn Technologies","Current hiring evidence","Active/Recent","Current job-platform listing/search result","https://th.jobsdb.com/gis-jobs","2026-07-19","Thailand","Current remote Geospatial Developer contract opportunity listed for Bangkok."
"EVD-0042","ORG-0226","AV EVOLUTION CO., LTD.","Current hiring evidence","Active/Recent","Current job-platform listing/search result","https://th.jobsdb.com/gis-jobs","2026-07-19","Thailand","Recent Senior GIS & Remote Sensing Engineer opportunity; Thai proficiency required."
"EVD-0043","ORG-0227","ACCIONA Energía Thailand","Current hiring evidence","Active/Recent","Current job-platform listing/search result","https://th.linkedin.com/jobs/gis-jobs","2026-07-19","Thailand","Current Senior GIS hiring signal in the Bangkok metropolitan area."
"EVD-0044","ORG-0228","YO IT Consulting","Current hiring evidence","Active/Recent","Current job-platform listing/search result","https://th.linkedin.com/jobs/gis-jobs","2026-07-19","Thailand","Current remote Geospatial Analysis Specialist opportunity in Thailand."
"EVD-0045","ORG-0229","China Railway Construction (Southeast Asia) Co., Ltd.","Current hiring evidence","Active/Recent","Current job-platform listing/search result","https://th.jobsdb.com/gis-jobs","2026-07-19","Thailand","Recent Survey Engineer hiring signal for a Rayong data-centre project."
"EVD-0046","ORG-0230","Sinar Mas Group","Current hiring evidence","Active/Recent","Current job-platform listing/search result","https://www.glassdoor.com/Job/indonesia-gis-jobs-SRCH_IL.0%2C9_IN113_KO10%2C13.htm","2026-07-19","Indonesia","Current Geospatial Datascience Officer hiring signal using GIS, remote sensing and AI/ML."
"EVD-0047","ORG-0231","PT Palma Serasih Tbk","Current hiring evidence","Active/Recent","Current job-platform listing/search result","https://id.jobstreet.com/id/geospatial-jobs","2026-07-19","Indonesia","Current GIS Precision Staff hiring signal in South Jakarta."
"EVD-0048","ORG-0232","PT Indo Bumi Nickel","Current hiring evidence","Active/Recent","Current job-platform listing/search result","https://id.jobstreet.com/id/geospatial-jobs","2026-07-19","Indonesia","Current Mine Survey Supervisor hiring signal."
"EVD-0049","ORG-0233","SMART Agribusiness and Food","Current hiring evidence","Active/Recent","Current job-platform listing/search result","https://id.indeed.com/q-gis-job-l-jakarta-lowongan.html","2026-07-19","Indonesia","Current Aerial Photo & Image Processing Officer hiring signal using UAV imagery and land-use analysis."
"EVD-0050","ORG-0234","PT Artha Demo Engineering Consultant","Current hiring evidence","Active/Recent","Current job-platform listing/search result","https://id.indeed.com/q-gis-job-l-jakarta-lowongan.html","2026-07-19","Indonesia","Current geodetic engineering and spatial-planning hiring signals in Jakarta."
"EVD-0051","ORG-0235","NIAT","Current hiring evidence","Active/Recent","Current job-platform listing/search result","https://www.facebook.com/niat.brunei/posts/job-opening-geographical-information-systems-gis-engineerjoin-our-team-to-design/1498841485097263/","2026-07-19","Brunei","Recent public GIS Engineer recruitment post in Brunei; closing status not verified."
"EVD-0052","ORG-0236","Juruukur Fadly","Current public activity","Active/Recent","Current public surveying activity","https://www.instagram.com/p/DaUr_chPIG0/","2026-07-19","Brunei","Current public surveying activity observed in July 2026; formal licence entry not independently verified."
"EVD-0053","ORG-0055","GPS Lands (M) Sdn Bhd","Current official presence / branch evidence","Active/Recent","Official contact and solutions page","https://gpslands.com.my/contact-us/","","Malaysia","Official headquarters and Johor Bahru branch; solutions cover GNSS, drones, LiDAR, GIS, mapping software and utility locating."
"EVD-0054","ORG-0237","Koridor Utiliti Selangor Sdn Bhd (KUSEL)","Current official activity","Active/Recent","Official KUSEL website and SELGIS information","https://www.kusel.my/","","Malaysia","Current official site identifies Shah Alam office and development of SELGIS / the Selangor utility database."
"EVD-0055","ORG-0238","Koridor Utiliti Johor Sdn Bhd","Current official activity","Active/Recent","Official company about page","https://www.kuj.com.my/about","","Malaysia","Current state-owned one-stop utility-corridor agency integrating utility-development information."
"EVD-0056","ORG-0239","Koridor Utiliti Darul Ridzuan Sdn Bhd (KUDR)","Current official activity","Active/Recent","Official KUDR website","https://kudr.my/","","Malaysia","Current Perak utility-corridor coordinator; official site describes digital coordination and a state geospatial database."
"EVD-0057","ORG-0240","AllTerra (M) Sdn Bhd","Current official presence / group evidence","Active/Recent","Official AllTerra about page","https://allterra.com.my/about-us","","Malaysia","GPS Lands subsidiary and Trimble Geospatial authorised distributor with sales, service, GIS, survey, mobile mapping and utilities solutions."
"EVD-0058","ORG-0241","Spectrum Geomatic Solution Sdn Bhd","Current official presence","Active/Recent","Official company website","https://www.spectrumgeomatic.com/","","Malaysia","Current official site and public professional profile evidence support hydrographic and geomatics operations in Nilai."
"EVD-0059","ORG-0242","Geomatic Solutions Sdn Bhd","Current official presence","Active/Recent","Official company services and contact pages","https://www.geomatic.com.my/contact","","Malaysia","Current official site lists underground utility detection/mapping, as-built, engineering and topographical surveys."
"EVD-0060","ORG-0243","Nautical Solution Sdn Bhd","Current official presence","Active/Recent","Official company website","https://nauticalsolution.com.my/about-us","","Malaysia","Current official site lists near-shore/offshore surveying, hydrography, oceanography, training and marine consultancy."
"EVD-0061","ORG-0063","THS Geoscience Sdn Bhd","Public workforce role evidence","Active/Recent","Public LinkedIn professional profile sample","https://my.linkedin.com/in/muhammad-syawal-0b08a8187","","Malaysia","Sampled public profiles show hydrographic surveying, software support, QPS/Qinsy training and client support; not an exhaustive employee count."
"EVD-0062","ORG-0120","Geosurvey Consultant","Public workforce role evidence","Active/Recent","Public LinkedIn professional profile sample","https://my.linkedin.com/in/sebastian-mathew-baab8a1a0","","Malaysia","Sampled public profiles show project surveying, land survey and survey-computation/AutoCAD functions; no personal names stored in the workbook."
"EVD-0063","ORG-0024","Map2u Sdn Bhd","Current official hiring / operating evidence","Active/Recent","Official MAP2U career page","https://www.map2u.com.my/career","","Malaysia","Current career page shows GIS Developer and GIS/IT Project Manager opportunities, confirming technical and management pathways."