"Organization_ID","Organization","Subfield","Value"
"ORG-0001","Department of Survey and Mapping Malaysia (JUPEM)","GIS","1"
"ORG-0001","Department of Survey and Mapping Malaysia (JUPEM)","Land Survey","1"
"ORG-0002","National Geospatial Centre","GIS","1"
"ORG-0003","Pusat Hidrografi Nasional","Hydrography","1"
"ORG-0004","Esri Malaysia Sdn Bhd","GIS","1"
"ORG-0005","Aerodyne Geospatial Sdn Bhd","Remote Sensing","1"
"ORG-0005","Aerodyne Geospatial Sdn Bhd","Drone/UAV","1"
"ORG-0005","Aerodyne Geospatial Sdn Bhd","Utility Mapping","1"
"ORG-0006","Terra Drone Technology Malaysia Sdn Bhd","Drone/UAV","1"
"ORG-0006","Terra Drone Technology Malaysia Sdn Bhd","Utility Mapping","1"
"ORG-0007","Aonic","Drone/UAV","1"
"ORG-0007","Aonic","Utility Mapping","1"
"ORG-0008","OGEO Survey Sdn Bhd","Hydrography","1"
"ORG-0008","OGEO Survey Sdn Bhd","Remote Sensing","1"
"ORG-0009","Hydro Mappers Sdn Bhd","Land Survey","1"
"ORG-0009","Hydro Mappers Sdn Bhd","Hydrography","1"
"ORG-0010","GIS Innovation Sdn Bhd","GIS","1"
"ORG-0011","NSC Globaltech Sdn Bhd","GIS","1"
"ORG-0012","Artanis Cloud Sdn Bhd","GIS","1"
"ORG-0012","Artanis Cloud Sdn Bhd","Remote Sensing","1"
"ORG-0013","Tresdata Sdn Bhd","GIS","1"
"ORG-0013","Tresdata Sdn Bhd","Hydrography","1"
"ORG-0013","Tresdata Sdn Bhd","Remote Sensing","1"
"ORG-0014","Strato Solutions Sdn Bhd","GIS","1"
"ORG-0014","Strato Solutions Sdn Bhd","Remote Sensing","1"
"ORG-0014","Strato Solutions Sdn Bhd","Utility Mapping","1"
"ORG-0015","Comcentric Solutions Sdn Bhd","GIS","1"
"ORG-0015","Comcentric Solutions Sdn Bhd","Utility Mapping","1"
"ORG-0016","Inspilogix Sdn Bhd","GIS","1"
"ORG-0016","Inspilogix Sdn Bhd","Remote Sensing","1"
"ORG-0017","Ground Data Solutions R&D Sdn Bhd (GDS)","GIS","1"
"ORG-0017","Ground Data Solutions R&D Sdn Bhd (GDS)","Hydrography","1"
"ORG-0017","Ground Data Solutions R&D Sdn Bhd (GDS)","Remote Sensing","1"
"ORG-0017","Ground Data Solutions R&D Sdn Bhd (GDS)","Utility Mapping","1"
"ORG-0018","MNJ Teras Sdn Bhd","GIS","1"
"ORG-0019","Dynamic Intellect Sdn Bhd","GIS","1"
"ORG-0021","Plisca (M) Sdn Bhd","GIS","1"
"ORG-0021","Plisca (M) Sdn Bhd","Land Survey","1"
"ORG-0022","Setia Geosolutions Sdn Bhd","GIS","1"
"ORG-0022","Setia Geosolutions Sdn Bhd","Land Survey","1"
"ORG-0022","Setia Geosolutions Sdn Bhd","Hydrography","1"
"ORG-0022","Setia Geosolutions Sdn Bhd","Remote Sensing","1"
"ORG-0023","Antaragrafik Systems Sdn Bhd","GIS","1"
"ORG-0023","Antaragrafik Systems Sdn Bhd","Land Survey","1"
"ORG-0023","Antaragrafik Systems Sdn Bhd","Remote Sensing","1"
"ORG-0024","Map2u Sdn Bhd","GIS","1"
"ORG-0024","Map2u Sdn Bhd","Land Survey","1"
"ORG-0024","Map2u Sdn Bhd","Remote Sensing","1"
"ORG-0025","GeoInfo Services Sdn Bhd","GIS","1"
"ORG-0025","GeoInfo Services Sdn Bhd","Remote Sensing","1"
"ORG-0025","GeoInfo Services Sdn Bhd","Drone/UAV","1"
"ORG-0026","MySpatial Sdn Bhd","GIS","1"
"ORG-0026","MySpatial Sdn Bhd","Hydrography","1"
"ORG-0026","MySpatial Sdn Bhd","Remote Sensing","1"
"ORG-0026","MySpatial Sdn Bhd","Drone/UAV","1"
"ORG-0027","Spatialworks Sdn Bhd","GIS","1"
"ORG-0027","Spatialworks Sdn Bhd","Hydrography","1"
"ORG-0027","Spatialworks Sdn Bhd","Remote Sensing","1"
"ORG-0028","Bandwork GPS Solutions Sdn Bhd","Land Survey","1"
"ORG-0028","Bandwork GPS Solutions Sdn Bhd","Hydrography","1"
"ORG-0028","Bandwork GPS Solutions Sdn Bhd","Drone/UAV","1"
"ORG-0028","Bandwork GPS Solutions Sdn Bhd","Utility Mapping","1"
"ORG-0029","Spatialist Sdn Bhd","GIS","1"
"ORG-0029","Spatialist Sdn Bhd","Land Survey","1"
"ORG-0029","Spatialist Sdn Bhd","Remote Sensing","1"
"ORG-0030","Astasoft Sdn Bhd","GIS","1"
"ORG-0030","Astasoft Sdn Bhd","Land Survey","1"
"ORG-0031","Integrated Geospatial and Survey Sdn Bhd (iGeoSurvey)","GIS","1"
"ORG-0031","Integrated Geospatial and Survey Sdn Bhd (iGeoSurvey)","Drone/UAV","1"
"ORG-0032","RS&GIS","GIS","1"
"ORG-0032","RS&GIS","Remote Sensing","1"
"ORG-0033","NadiTek (Jaringan Nadi Teknologi Sdn Bhd)","GIS","1"
"ORG-0034","AECA Solutions Sdn Bhd","Remote Sensing","1"
"ORG-0034","AECA Solutions Sdn Bhd","Drone/UAV","1"
"ORG-0035","CitySage AI","GIS","1"
"ORG-0036","SmartGIS Solutions","GIS","1"
"ORG-0036","SmartGIS Solutions","Remote Sensing","1"
"ORG-0042","Malaysian Space Agency (MYSA)","GIS","1"
"ORG-0042","Malaysian Space Agency (MYSA)","Remote Sensing","1"
"ORG-0043","Department of Irrigation and Drainage Malaysia (DID / JPS)","GIS","1"
"ORG-0043","Department of Irrigation and Drainage Malaysia (DID / JPS)","Hydrography","1"
"ORG-0044","Department of Mineral and Geoscience Malaysia (JMG)","GIS","1"
"ORG-0044","Department of Mineral and Geoscience Malaysia (JMG)","Remote Sensing","1"
"ORG-0045","PLANMalaysia","GIS","1"
"ORG-0046","National Disaster Management Agency (NADMA)","GIS","1"
"ORG-0046","National Disaster Management Agency (NADMA)","Remote Sensing","1"
"ORG-0047","Department of Environment Malaysia (DOE / JAS)","GIS","1"
"ORG-0047","Department of Environment Malaysia (DOE / JAS)","Remote Sensing","1"
"ORG-0048","Forestry Department Peninsular Malaysia","GIS","1"
"ORG-0048","Forestry Department Peninsular Malaysia","Remote Sensing","1"
"ORG-0049","Department of Agriculture Malaysia (DOA)","GIS","1"
"ORG-0049","Department of Agriculture Malaysia (DOA)","Remote Sensing","1"
"ORG-0049","Department of Agriculture Malaysia (DOA)","Drone/UAV","1"
"ORG-0050","Malaysian Meteorological Department (METMalaysia)","GIS","1"
"ORG-0050","Malaysian Meteorological Department (METMalaysia)","Remote Sensing","1"
"ORG-0051","National Water Research Institute of Malaysia (NAHRIM)","GIS","1"
"ORG-0051","National Water Research Institute of Malaysia (NAHRIM)","Hydrography","1"
"ORG-0051","National Water Research Institute of Malaysia (NAHRIM)","Remote Sensing","1"
"ORG-0052","Malaysian Palm Oil Board (MPOB)","GIS","1"
"ORG-0052","Malaysian Palm Oil Board (MPOB)","Remote Sensing","1"
"ORG-0052","Malaysian Palm Oil Board (MPOB)","Drone/UAV","1"
"ORG-0053","Land Surveyors Board Malaysia (LJT)","Land Survey","1"
"ORG-0054","Sky-Shine Corporation (M) Sdn Bhd","GIS","1"
"ORG-0054","Sky-Shine Corporation (M) Sdn Bhd","Land Survey","1"
"ORG-0054","Sky-Shine Corporation (M) Sdn Bhd","Remote Sensing","1"
"ORG-0055","GPS Lands (M) Sdn Bhd","GIS","1"
"ORG-0055","GPS Lands (M) Sdn Bhd","Land Survey","1"
"ORG-0055","GPS Lands (M) Sdn Bhd","Remote Sensing","1"
"ORG-0056","JL Global Invision Sdn Bhd","GIS","1"
"ORG-0056","JL Global Invision Sdn Bhd","Land Survey","1"
"ORG-0056","JL Global Invision Sdn Bhd","Utility Mapping","1"
"ORG-0057","Geomapping Technology Sdn Bhd","GIS","1"
"ORG-0057","Geomapping Technology Sdn Bhd","Remote Sensing","1"
"ORG-0057","Geomapping Technology Sdn Bhd","Drone/UAV","1"
"ORG-0058","Layersoft Solution (M) Sdn Bhd","GIS","1"
"ORG-0058","Layersoft Solution (M) Sdn Bhd","Remote Sensing","1"
"ORG-0058","Layersoft Solution (M) Sdn Bhd","Drone/UAV","1"
"ORG-0059","Ezam & Associates","Land Survey","1"
"ORG-0059","Ezam & Associates","Hydrography","1"
"ORG-0059","Ezam & Associates","Utility Mapping","1"
"ORG-0060","GeoHydroOcean Services","Hydrography","1"
"ORG-0061","TAC Mapping Sdn Bhd","GIS","1"
"ORG-0061","TAC Mapping Sdn Bhd","Land Survey","1"
"ORG-0061","TAC Mapping Sdn Bhd","Remote Sensing","1"
"ORG-0062","Integrated GeoPlanning Sdn Bhd","GIS","1"
"ORG-0062","Integrated GeoPlanning Sdn Bhd","Remote Sensing","1"
"ORG-0062","Integrated GeoPlanning Sdn Bhd","Drone/UAV","1"
"ORG-0063","THS Geoscience Sdn Bhd","GIS","1"
"ORG-0063","THS Geoscience Sdn Bhd","Hydrography","1"
"ORG-0064","Satlid Solution","GIS","1"
"ORG-0064","Satlid Solution","Land Survey","1"
"ORG-0064","Satlid Solution","Remote Sensing","1"
"ORG-0065","RedPlanet Solutions","GIS","1"
"ORG-0065","RedPlanet Solutions","Remote Sensing","1"
"ORG-0065","RedPlanet Solutions","Drone/UAV","1"
"ORG-0066","Geotechnica Sdn Bhd","GIS","1"
"ORG-0066","Geotechnica Sdn Bhd","Land Survey","1"
"ORG-0066","Geotechnica Sdn Bhd","Remote Sensing","1"
"ORG-0066","Geotechnica Sdn Bhd","Drone/UAV","1"
"ORG-0067","Jurukur Asia","Land Survey","1"
"ORG-0068","Jurukur Bakat","Land Survey","1"
"ORG-0069","Jurukur TN Wong Sdn Bhd","Land Survey","1"
"ORG-0070","Juruukur Anugerah","Land Survey","1"
"ORG-0071","Jurukur Vitus Tan & Associates","Land Survey","1"
"ORG-0072","Jurukur Tempatan Sdn Bhd","Land Survey","1"
"ORG-0073","Jurukur AC. Linggian","Land Survey","1"
"ORG-0074","Mojigoh Surveying Consultants Sdn Bhd","Land Survey","1"
"ORG-0075","Jurukur Dhiya Suria","Land Survey","1"
"ORG-0076","Juruukur Wahdah","Land Survey","1"
"ORG-0077","Jurukur Sinaran","Land Survey","1"
"ORG-0078","Jurukur Hermis & Rakan Rakan","Land Survey","1"
"ORG-0079","Juruukur Robert Cheng & Associates","Land Survey","1"
"ORG-0080","Smart Survey Consultant","Land Survey","1"
"ORG-0081","Jurukur Antarabangsa","Land Survey","1"
"ORG-0082","Jurukur Sii Sdn Bhd","Land Survey","1"
"ORG-0083","Jurukur Dr. Moinin & Associates","Land Survey","1"
"ORG-0084","Jurukur Lee Surveys and Associate","Land Survey","1"
"ORG-0085","Platinum Survey Consultant","Land Survey","1"
"ORG-0086","Perunding Ukur Zakaria","Land Survey","1"
"ORG-0087","Jurukur Luaran & Associates","Land Survey","1"
"ORG-0088","Jurukur Professional","Land Survey","1"
"ORG-0089","Jurukur MYA","Land Survey","1"
"ORG-0090","Jurukur Terrafirma PLT","Land Survey","1"
"ORG-0091","Perunding Ukur Sabah","Land Survey","1"
"ORG-0092","Jurukur Loudin & Associates","Land Survey","1"
"ORG-0093","Jurukur Wahap","Land Survey","1"
"ORG-0094","Radian Geomatics PLT","Land Survey","1"
"ORG-0095","Jurukur Saat D","Land Survey","1"
"ORG-0096","Perunding Ukur Utama","Land Survey","1"
"ORG-0097","Juruukur Bernard Liew & Associates","Land Survey","1"
"ORG-0098","Jurukur Masa","Land Survey","1"
"ORG-0099","Wah King Tze & Rakan","Land Survey","1"
"ORG-0100","Jurukur Swasta","Land Survey","1"
"ORG-0101","Sejagat Survey Consultant","Land Survey","1"
"ORG-0102","Geocosmos Survey Consultant","Land Survey","1"
"ORG-0103","Indera Ukur Konsultan","Land Survey","1"
"ORG-0104","Lands and Surveys Department Sabah","GIS","1"
"ORG-0104","Lands and Surveys Department Sabah","Land Survey","1"
"ORG-0105","Sabah Forestry Department","GIS","1"
"ORG-0105","Sabah Forestry Department","Remote Sensing","1"
"ORG-0106","Town and Regional Planning Department Sabah","GIS","1"
"ORG-0107","Department of Irrigation and Drainage Sabah","GIS","1"
"ORG-0107","Department of Irrigation and Drainage Sabah","Hydrography","1"
"ORG-0108","Sabah Parks","GIS","1"
"ORG-0108","Sabah Parks","Remote Sensing","1"
"ORG-0109","Sabah Biodiversity Centre","GIS","1"
"ORG-0109","Sabah Biodiversity Centre","Remote Sensing","1"
"ORG-0110","ACE Geomatics Sdn. Bhd.","Land Survey","1"
"ORG-0111","AD. Lulu Survey Consultant","Land Survey","1"
"ORG-0112","Alpha Survey Consultant","Land Survey","1"
"ORG-0113","Apex Survey Consultants Sdn. Bhd.","Land Survey","1"
"ORG-0114","Ark Geomatics Consultant","Land Survey","1"
"ORG-0115","Azam Dinamik Survey","Land Survey","1"
"ORG-0116","Blessed Earth Survey Services","Land Survey","1"
"ORG-0117","Borders Survey Consultant Sdn. Bhd.","Land Survey","1"
"ORG-0118","Bormap Surveys Sdn. Bhd.","Land Survey","1"
"ORG-0119","Geomatics Survey Consultants","Land Survey","1"
"ORG-0120","Geosurvey Consultant","Land Survey","1"
"ORG-0121","Global Survey Services","Land Survey","1"
"ORG-0122","J.C Survey Services","Land Survey","1"
"ORG-0123","Jurukon Malaysia","Land Survey","1"
"ORG-0124","Jurukur Awang","Land Survey","1"
"ORG-0125","Jurukur Jaya","Land Survey","1"
"ORG-0126","Jurukur Maju Jaya","Land Survey","1"
"ORG-0127","Jurukur Metra","Land Survey","1"
"ORG-0128","Jurukur Perkasa Sdn. Bhd.","Land Survey","1"
"ORG-0129","Jurukur Ramdan","Land Survey","1"
"ORG-0130","Juru Survei Konsult","Land Survey","1"
"ORG-0131","Juru Survei Mas Gading","Land Survey","1"
"ORG-0132","Juruukur Prima","Land Survey","1"
"ORG-0133","LS Survey Consultant Sdn. Bhd.","Land Survey","1"
"ORG-0134","PS Survey Consultant","Land Survey","1"
"ORG-0135","Perunding Survei TS","Land Survey","1"
"ORG-0136","Perunding Ukurtanah Watan","Land Survey","1"
"ORG-0137","Putra Geomatics Survey","Land Survey","1"
"ORG-0138","Resources Surveys Services","Land Survey","1"
"ORG-0139","Saland Survey Services","Land Survey","1"
"ORG-0140","Survey Development Services","Land Survey","1"
"ORG-0141","Survey Solutions","Land Survey","1"
"ORG-0142","Terra Survey Services","Land Survey","1"
"ORG-0143","Total Survey Consultant","Land Survey","1"
"ORG-0144","Ukurancang Perunding Sdn. Bhd.","Land Survey","1"
"ORG-0145","Ukurunding Kenyalang Sdn. Bhd.","Land Survey","1"
"ORG-0146","United Survey Consultants Sdn. Bhd.","Land Survey","1"
"ORG-0147","Wann Geometics Survey","Land Survey","1"
"ORG-0148","W.L.S. Survey Services","Land Survey","1"
"ORG-0149","X.Y.Z. Surveys","Land Survey","1"
"ORG-0150","Land and Survey Department Sarawak","GIS","1"
"ORG-0150","Land and Survey Department Sarawak","Land Survey","1"
"ORG-0150","Land and Survey Department Sarawak","Remote Sensing","1"
"ORG-0151","Forest Department Sarawak","GIS","1"
"ORG-0151","Forest Department Sarawak","Remote Sensing","1"
"ORG-0152","Public Works Department Sarawak","GIS","1"
"ORG-0152","Public Works Department Sarawak","Land Survey","1"
"ORG-0152","Public Works Department Sarawak","Remote Sensing","1"
"ORG-0153","Natural Resources and Environment Board Sarawak (NREB)","GIS","1"
"ORG-0153","Natural Resources and Environment Board Sarawak (NREB)","Remote Sensing","1"
"ORG-0154","Ministry of Utility and Telecommunication Sarawak","GIS","1"
"ORG-0154","Ministry of Utility and Telecommunication Sarawak","Utility Mapping","1"
"ORG-0155","Sarawak Information Systems Sdn Bhd (SAINS)","GIS","1"
"ORG-0156","Sarawak Energy Berhad","GIS","1"
"ORG-0156","Sarawak Energy Berhad","Remote Sensing","1"
"ORG-0156","Sarawak Energy Berhad","Utility Mapping","1"
"ORG-0157","Singapore Land Authority","GIS","1"
"ORG-0157","Singapore Land Authority","Land Survey","1"
"ORG-0158","Land Surveyors Board Singapore","Land Survey","1"
"ORG-0159","Esri Singapore Pte Ltd","GIS","1"
"ORG-0160","Fugro Singapore","Hydrography","1"
"ORG-0160","Fugro Singapore","Remote Sensing","1"
"ORG-0160","Fugro Singapore","Utility Mapping","1"
"ORG-0161","Badan Informasi Geospasial (BIG)","GIS","1"
"ORG-0161","Badan Informasi Geospasial (BIG)","Land Survey","1"
"ORG-0161","Badan Informasi Geospasial (BIG)","Remote Sensing","1"
"ORG-0162","Terra Drone Indonesia","GIS","1"
"ORG-0162","Terra Drone Indonesia","Drone/UAV","1"
"ORG-0162","Terra Drone Indonesia","Utility Mapping","1"
"ORG-0163","PT. Sriwijaya Aero Indonesia","GIS","1"
"ORG-0163","PT. Sriwijaya Aero Indonesia","Land Survey","1"
"ORG-0163","PT. Sriwijaya Aero Indonesia","Hydrography","1"
"ORG-0163","PT. Sriwijaya Aero Indonesia","Drone/UAV","1"
"ORG-0163","PT. Sriwijaya Aero Indonesia","Utility Mapping","1"
"ORG-0164","GISTDA","GIS","1"
"ORG-0164","GISTDA","Remote Sensing","1"
"ORG-0165","GeoViet Consulting","GIS","1"
"ORG-0165","GeoViet Consulting","Land Survey","1"
"ORG-0165","GeoViet Consulting","Remote Sensing","1"
"ORG-0166","Vietnam National Space Center (VNSC)","GIS","1"
"ORG-0166","Vietnam National Space Center (VNSC)","Remote Sensing","1"
"ORG-0167","Green Field Consulting & Development Co., Ltd.","GIS","1"
"ORG-0167","Green Field Consulting & Development Co., Ltd.","Land Survey","1"
"ORG-0167","Green Field Consulting & Development Co., Ltd.","Remote Sensing","1"
"ORG-0167","Green Field Consulting & Development Co., Ltd.","Drone/UAV","1"
"ORG-0168","NAMRIA","GIS","1"
"ORG-0168","NAMRIA","Land Survey","1"
"ORG-0168","NAMRIA","Hydrography","1"
"ORG-0169","National Geographic Department","GIS","1"
"ORG-0169","National Geographic Department","Land Survey","1"
"ORG-0170","Land Surveyors Board Brunei Darussalam","Land Survey","1"
"ORG-0171","VidaGIS (Vietnam-Denmark Geoinformatics Co. Ltd)","GIS","1"
"ORG-0171","VidaGIS (Vietnam-Denmark Geoinformatics Co. Ltd)","Utility Mapping","1"
"ORG-0172","Geodata Systems Technologies, Inc.","GIS","1"
"ORG-0173","SRDP Consulting, Inc.","Land Survey","1"
"ORG-0173","SRDP Consulting, Inc.","Drone/UAV","1"
"ORG-0174","Survey Department, Ministry of Development","GIS","1"
"ORG-0174","Survey Department, Ministry of Development","Land Survey","1"
"ORG-0175","Survey Department Myanmar","GIS","1"
"ORG-0175","Survey Department Myanmar","Land Survey","1"
"ORG-0176","Center of Survey and Mapping Data","GIS","1"
"ORG-0176","Center of Survey and Mapping Data","Land Survey","1"
"ORG-0177","Royal Thai Survey Department","GIS","1"
"ORG-0177","Royal Thai Survey Department","Land Survey","1"
"ORG-0177","Royal Thai Survey Department","Remote Sensing","1"
"ORG-0178","Hydrographic Department, Royal Thai Navy","GIS","1"
"ORG-0178","Hydrographic Department, Royal Thai Navy","Hydrography","1"
"ORG-0179","Maritime and Port Authority of Singapore (MPA)","GIS","1"
"ORG-0179","Maritime and Port Authority of Singapore (MPA)","Hydrography","1"
"ORG-0180","ST Engineering Geo-Insights Pte Ltd","GIS","1"
"ORG-0180","ST Engineering Geo-Insights Pte Ltd","Remote Sensing","1"
"ORG-0181","GIS Co., Ltd.","GIS","1"
"ORG-0181","GIS Co., Ltd.","Land Survey","1"
"ORG-0181","GIS Co., Ltd.","Remote Sensing","1"
"ORG-0182","Esri (Thailand) Company Limited","GIS","1"
"ORG-0182","Esri (Thailand) Company Limited","Remote Sensing","1"
"ORG-0183","Esri Indonesia","GIS","1"
"ORG-0183","Esri Indonesia","Remote Sensing","1"
"ORG-0184","Geographic Technology Solutions","GIS","1"
"ORG-0184","Geographic Technology Solutions","Land Survey","1"
"ORG-0185","Jurukur Generasi","Land Survey","1"
"ORG-0185","Jurukur Generasi","GIS","1"
"ORG-0185","Jurukur Generasi","Hydrography","1"
"ORG-0186","Jurukur Mentari Sdn Bhd","Land Survey","1"
"ORG-0187","Jurukur Khoo & Mas","Land Survey","1"
"ORG-0187","Jurukur Khoo & Mas","GIS","1"
"ORG-0187","Jurukur Khoo & Mas","Hydrography","1"
"ORG-0188","JP Surveys Sdn Bhd","Land Survey","1"
"ORG-0188","JP Surveys Sdn Bhd","GIS","1"
"ORG-0188","JP Surveys Sdn Bhd","Hydrography","1"
"ORG-0189","Studioukur Geomatics Sdn Bhd","Land Survey","1"
"ORG-0189","Studioukur Geomatics Sdn Bhd","GIS","1"
"ORG-0190","AA Geomatics and Survey Consultant","Land Survey","1"
"ORG-0190","AA Geomatics and Survey Consultant","GIS","1"
"ORG-0191","Perunding Ukur Ara","Land Survey","1"
"ORG-0192","Perunding Ukur Ridhwan","Land Survey","1"
"ORG-0193","Perunding Ukur Juara","Land Survey","1"
"ORG-0194","JDinar Geomatics Sdn Bhd","Land Survey","1"
"ORG-0194","JDinar Geomatics Sdn Bhd","GIS","1"
"ORG-0195","Jurukur Ceria Sdn Bhd","Land Survey","1"
"ORG-0195","Jurukur Ceria Sdn Bhd","GIS","1"
"ORG-0195","Jurukur Ceria Sdn Bhd","Hydrography","1"
"ORG-0195","Jurukur Ceria Sdn Bhd","Utility Mapping","1"
"ORG-0196","DHM Survey Consultant Sdn Bhd","Land Survey","1"
"ORG-0197","ABGeo (M) Sdn Bhd","Land Survey","1"
"ORG-0197","ABGeo (M) Sdn Bhd","GIS","1"
"ORG-0198","Juruukur Permai","Land Survey","1"
"ORG-0198","Juruukur Permai","GIS","1"
"ORG-0199","Jurukur Perunding Services Sdn Bhd","Land Survey","1"
"ORG-0200","MK Survey Sdn Bhd","Land Survey","1"
"ORG-0201","Abdullah Taha Surveyors Sdn Bhd","Land Survey","1"
"ORG-0202","ABS Ukur","Land Survey","1"
"ORG-0203","Gas Malaysia Distribution Sdn Bhd","GIS","1"
"ORG-0203","Gas Malaysia Distribution Sdn Bhd","Utility Mapping","1"
"ORG-0204","ITMAX System Berhad","GIS","1"
"ORG-0204","ITMAX System Berhad","Land Survey","1"
"ORG-0204","ITMAX System Berhad","Utility Mapping","1"
"ORG-0205","Aurecon Malaysia","GIS","1"
"ORG-0205","Aurecon Malaysia","Remote Sensing","1"
"ORG-0206","Easytech Services Sdn Bhd","GIS","1"
"ORG-0207","ACGT Sdn Bhd","GIS","1"
"ORG-0207","ACGT Sdn Bhd","Remote Sensing","1"
"ORG-0207","ACGT Sdn Bhd","Drone/UAV","1"
"ORG-0208","Applied Agricultural Resources Sdn Bhd","GIS","1"
"ORG-0208","Applied Agricultural Resources Sdn Bhd","Remote Sensing","1"
"ORG-0208","Applied Agricultural Resources Sdn Bhd","Drone/UAV","1"
"ORG-0209","Mogul Pte Ltd","GIS","1"
"ORG-0210","Binaan Desjaya Sdn Bhd","Land Survey","1"
"ORG-0210","Binaan Desjaya Sdn Bhd","GIS","1"
"ORG-0211","Infinity RC Builder Sdn Bhd","Land Survey","1"
"ORG-0212","NRI Holdings Sdn Bhd","Drone/UAV","1"
"ORG-0212","NRI Holdings Sdn Bhd","Remote Sensing","1"
"ORG-0213","MOSAR Consult Sdn Bhd","GIS","1"
"ORG-0214","MGB Berhad","Land Survey","1"
"ORG-0215","Jurukur Murni","Land Survey","1"
"ORG-0216","Geoland TYY Sdn Bhd","Land Survey","1"
"ORG-0217","HTX Singapore","GIS","1"
"ORG-0218","Land Transport Authority Singapore","GIS","1"
"ORG-0218","Land Transport Authority Singapore","Land Survey","1"
"ORG-0219","Activate Interactive Pte Ltd","GIS","1"
"ORG-0220","Tata Consultancy Services Singapore","GIS","1"
"ORG-0221","Urban Redevelopment Authority Singapore","GIS","1"
"ORG-0222","National University of Singapore","GIS","1"
"ORG-0222","National University of Singapore","Remote Sensing","1"
"ORG-0223","MINDEF Singapore","GIS","1"
"ORG-0223","MINDEF Singapore","Remote Sensing","1"
"ORG-0224","Absolute Clean Energy Public Company Limited","GIS","1"
"ORG-0225","Trigyn Technologies","GIS","1"
"ORG-0226","AV EVOLUTION CO., LTD.","GIS","1"
"ORG-0226","AV EVOLUTION CO., LTD.","Remote Sensing","1"
"ORG-0227","ACCIONA Energía Thailand","GIS","1"
"ORG-0228","YO IT Consulting","GIS","1"
"ORG-0229","China Railway Construction (Southeast Asia) Co., Ltd.","Land Survey","1"
"ORG-0230","Sinar Mas Group","GIS","1"
"ORG-0230","Sinar Mas Group","Remote Sensing","1"
"ORG-0231","PT Palma Serasih Tbk","GIS","1"
"ORG-0231","PT Palma Serasih Tbk","Remote Sensing","1"
"ORG-0232","PT Indo Bumi Nickel","Land Survey","1"
"ORG-0233","SMART Agribusiness and Food","Remote Sensing","1"
"ORG-0233","SMART Agribusiness and Food","Drone/UAV","1"
"ORG-0233","SMART Agribusiness and Food","GIS","1"
"ORG-0234","PT Artha Demo Engineering Consultant","Land Survey","1"
"ORG-0234","PT Artha Demo Engineering Consultant","GIS","1"
"ORG-0235","NIAT","GIS","1"
"ORG-0236","Juruukur Fadly","Land Survey","1"
"ORG-0055","GPS Lands (M) Sdn Bhd","Drone/UAV","1"
"ORG-0055","GPS Lands (M) Sdn Bhd","Utility Mapping","1"
"ORG-0237","Koridor Utiliti Selangor Sdn Bhd (KUSEL)","GIS","1"
"ORG-0237","Koridor Utiliti Selangor Sdn Bhd (KUSEL)","Utility Mapping","1"
"ORG-0238","Koridor Utiliti Johor Sdn Bhd","Utility Mapping","1"
"ORG-0239","Koridor Utiliti Darul Ridzuan Sdn Bhd (KUDR)","GIS","1"
"ORG-0239","Koridor Utiliti Darul Ridzuan Sdn Bhd (KUDR)","Utility Mapping","1"
"ORG-0240","AllTerra (M) Sdn Bhd","GIS","1"
"ORG-0240","AllTerra (M) Sdn Bhd","Land Survey","1"
"ORG-0240","AllTerra (M) Sdn Bhd","Remote Sensing","1"
"ORG-0240","AllTerra (M) Sdn Bhd","Utility Mapping","1"
"ORG-0241","Spectrum Geomatic Solution Sdn Bhd","Land Survey","1"
"ORG-0241","Spectrum Geomatic Solution Sdn Bhd","Hydrography","1"
"ORG-0242","Geomatic Solutions Sdn Bhd","GIS","1"
"ORG-0242","Geomatic Solutions Sdn Bhd","Land Survey","1"
"ORG-0242","Geomatic Solutions Sdn Bhd","Utility Mapping","1"
"ORG-0243","Nautical Solution Sdn Bhd","Land Survey","1"
"ORG-0243","Nautical Solution Sdn Bhd","Hydrography","1"